"","forecast_date","location","target","target_end_date","type","quantile","value"
"1",2021-01-02,"04","1  day ahead inc hosp",2021-01-03,"quantile",0.01,289.981320305076
"2",2021-01-02,"04","1  day ahead inc hosp",2021-01-03,"quantile",0.025,299.386316626882
"3",2021-01-02,"04","1  day ahead inc hosp",2021-01-03,"quantile",0.05,307.475132317226
"4",2021-01-02,"04","1  day ahead inc hosp",2021-01-03,"quantile",0.1,316.80101876898
"5",2021-01-02,"04","1  day ahead inc hosp",2021-01-03,"quantile",0.15,323.093150083233
"6",2021-01-02,"04","1  day ahead inc hosp",2021-01-03,"quantile",0.2,328.093936587179
"7",2021-01-02,"04","1  day ahead inc hosp",2021-01-03,"quantile",0.25,332.384166129092
"8",2021-01-02,"04","1  day ahead inc hosp",2021-01-03,"quantile",0.3,336.236924852847
"9",2021-01-02,"04","1  day ahead inc hosp",2021-01-03,"quantile",0.35,339.807079986237
"10",2021-01-02,"04","1  day ahead inc hosp",2021-01-03,"quantile",0.4,343.194808081592
"11",2021-01-02,"04","1  day ahead inc hosp",2021-01-03,"quantile",0.45,346.472474219706
"12",2021-01-02,"04","1  day ahead inc hosp",2021-01-03,"quantile",0.5,349.698174199515
"13",2021-01-02,"04","1  day ahead inc hosp",2021-01-03,"quantile",0.55,352.923874179325
"14",2021-01-02,"04","1  day ahead inc hosp",2021-01-03,"quantile",0.6,356.201540317439
"15",2021-01-02,"04","1  day ahead inc hosp",2021-01-03,"quantile",0.65,359.589268412794
"16",2021-01-02,"04","1  day ahead inc hosp",2021-01-03,"quantile",0.7,363.159423546184
"17",2021-01-02,"04","1  day ahead inc hosp",2021-01-03,"quantile",0.75,367.012182269939
"18",2021-01-02,"04","1  day ahead inc hosp",2021-01-03,"quantile",0.8,371.302411811852
"19",2021-01-02,"04","1  day ahead inc hosp",2021-01-03,"quantile",0.85,376.303198315798
"20",2021-01-02,"04","1  day ahead inc hosp",2021-01-03,"quantile",0.9,382.595329630051
"21",2021-01-02,"04","1  day ahead inc hosp",2021-01-03,"quantile",0.95,391.921216081804
"22",2021-01-02,"04","1  day ahead inc hosp",2021-01-03,"quantile",0.975,400.010031772149
"23",2021-01-02,"04","1  day ahead inc hosp",2021-01-03,"quantile",0.99,409.415028093955
"24",2021-01-02,"04","2  day ahead inc hosp",2021-01-04,"quantile",0.01,293.78529472213
"25",2021-01-02,"04","2  day ahead inc hosp",2021-01-04,"quantile",0.025,304.302691687845
"26",2021-01-02,"04","2  day ahead inc hosp",2021-01-04,"quantile",0.05,313.348233300723
"27",2021-01-02,"04","2  day ahead inc hosp",2021-01-04,"quantile",0.1,323.777163468709
"28",2021-01-02,"04","2  day ahead inc hosp",2021-01-04,"quantile",0.15,330.813513141592
"29",2021-01-02,"04","2  day ahead inc hosp",2021-01-04,"quantile",0.2,336.405780804775
"30",2021-01-02,"04","2  day ahead inc hosp",2021-01-04,"quantile",0.25,341.203448514832
"31",2021-01-02,"04","2  day ahead inc hosp",2021-01-04,"quantile",0.3,345.511902396617
"32",2021-01-02,"04","2  day ahead inc hosp",2021-01-04,"quantile",0.35,349.504327006076
"33",2021-01-02,"04","2  day ahead inc hosp",2021-01-04,"quantile",0.4,353.292747540398
"34",2021-01-02,"04","2  day ahead inc hosp",2021-01-04,"quantile",0.45,356.958088250389
"35",2021-01-02,"04","2  day ahead inc hosp",2021-01-04,"quantile",0.5,360.565316368202
"36",2021-01-02,"04","2  day ahead inc hosp",2021-01-04,"quantile",0.55,364.172544486016
"37",2021-01-02,"04","2  day ahead inc hosp",2021-01-04,"quantile",0.6,367.837885196007
"38",2021-01-02,"04","2  day ahead inc hosp",2021-01-04,"quantile",0.65,371.626305730329
"39",2021-01-02,"04","2  day ahead inc hosp",2021-01-04,"quantile",0.7,375.618730339788
"40",2021-01-02,"04","2  day ahead inc hosp",2021-01-04,"quantile",0.75,379.927184221573
"41",2021-01-02,"04","2  day ahead inc hosp",2021-01-04,"quantile",0.8,384.72485193163
"42",2021-01-02,"04","2  day ahead inc hosp",2021-01-04,"quantile",0.85,390.317119594813
"43",2021-01-02,"04","2  day ahead inc hosp",2021-01-04,"quantile",0.9,397.353469267696
"44",2021-01-02,"04","2  day ahead inc hosp",2021-01-04,"quantile",0.95,407.782399435681
"45",2021-01-02,"04","2  day ahead inc hosp",2021-01-04,"quantile",0.975,416.82794104856
"46",2021-01-02,"04","2  day ahead inc hosp",2021-01-04,"quantile",0.99,427.345338014274
"47",2021-01-02,"04","3  day ahead inc hosp",2021-01-05,"quantile",0.01,286.809780117774
"48",2021-01-02,"04","3  day ahead inc hosp",2021-01-05,"quantile",0.025,298.619327413661
"49",2021-01-02,"04","3  day ahead inc hosp",2021-01-05,"quantile",0.05,308.776189595665
"50",2021-01-02,"04","3  day ahead inc hosp",2021-01-05,"quantile",0.1,320.486401206561
"51",2021-01-02,"04","3  day ahead inc hosp",2021-01-05,"quantile",0.15,328.387225386078
"52",2021-01-02,"04","3  day ahead inc hosp",2021-01-05,"quantile",0.2,334.666549982735
"53",2021-01-02,"04","3  day ahead inc hosp",2021-01-05,"quantile",0.25,340.053651365003
"54",2021-01-02,"04","3  day ahead inc hosp",2021-01-05,"quantile",0.3,344.891434901647
"55",2021-01-02,"04","3  day ahead inc hosp",2021-01-05,"quantile",0.35,349.374362322221
"56",2021-01-02,"04","3  day ahead inc hosp",2021-01-05,"quantile",0.4,353.628222057917
"57",2021-01-02,"04","3  day ahead inc hosp",2021-01-05,"quantile",0.45,357.743880581721
"58",2021-01-02,"04","3  day ahead inc hosp",2021-01-05,"quantile",0.5,361.794286894541
"59",2021-01-02,"04","3  day ahead inc hosp",2021-01-05,"quantile",0.55,365.844693207362
"60",2021-01-02,"04","3  day ahead inc hosp",2021-01-05,"quantile",0.6,369.960351731165
"61",2021-01-02,"04","3  day ahead inc hosp",2021-01-05,"quantile",0.65,374.214211466862
"62",2021-01-02,"04","3  day ahead inc hosp",2021-01-05,"quantile",0.7,378.697138887435
"63",2021-01-02,"04","3  day ahead inc hosp",2021-01-05,"quantile",0.75,383.534922424079
"64",2021-01-02,"04","3  day ahead inc hosp",2021-01-05,"quantile",0.8,388.922023806347
"65",2021-01-02,"04","3  day ahead inc hosp",2021-01-05,"quantile",0.85,395.201348403004
"66",2021-01-02,"04","3  day ahead inc hosp",2021-01-05,"quantile",0.9,403.102172582522
"67",2021-01-02,"04","3  day ahead inc hosp",2021-01-05,"quantile",0.95,414.812384193418
"68",2021-01-02,"04","3  day ahead inc hosp",2021-01-05,"quantile",0.975,424.969246375422
"69",2021-01-02,"04","3  day ahead inc hosp",2021-01-05,"quantile",0.99,436.778793671308
"70",2021-01-02,"04","4  day ahead inc hosp",2021-01-06,"quantile",0.01,281.706295412414
"71",2021-01-02,"04","4  day ahead inc hosp",2021-01-06,"quantile",0.025,294.645381839451
"72",2021-01-02,"04","4  day ahead inc hosp",2021-01-06,"quantile",0.05,305.77370998851
"73",2021-01-02,"04","4  day ahead inc hosp",2021-01-06,"quantile",0.1,318.603959642963
"74",2021-01-02,"04","4  day ahead inc hosp",2021-01-06,"quantile",0.15,327.260468173075
"75",2021-01-02,"04","4  day ahead inc hosp",2021-01-06,"quantile",0.2,334.140386735903
"76",2021-01-02,"04","4  day ahead inc hosp",2021-01-06,"quantile",0.25,340.042744263246
"77",2021-01-02,"04","4  day ahead inc hosp",2021-01-06,"quantile",0.3,345.343243742827
"78",2021-01-02,"04","4  day ahead inc hosp",2021-01-06,"quantile",0.35,350.254946442993
"79",2021-01-02,"04","4  day ahead inc hosp",2021-01-06,"quantile",0.4,354.915671988996
"80",2021-01-02,"04","4  day ahead inc hosp",2021-01-06,"quantile",0.45,359.424977892891
"81",2021-01-02,"04","4  day ahead inc hosp",2021-01-06,"quantile",0.5,363.862790455313
"82",2021-01-02,"04","4  day ahead inc hosp",2021-01-06,"quantile",0.55,368.300603017735
"83",2021-01-02,"04","4  day ahead inc hosp",2021-01-06,"quantile",0.6,372.809908921631
"84",2021-01-02,"04","4  day ahead inc hosp",2021-01-06,"quantile",0.65,377.470634467634
"85",2021-01-02,"04","4  day ahead inc hosp",2021-01-06,"quantile",0.7,382.382337167799
"86",2021-01-02,"04","4  day ahead inc hosp",2021-01-06,"quantile",0.75,387.682836647381
"87",2021-01-02,"04","4  day ahead inc hosp",2021-01-06,"quantile",0.8,393.585194174723
"88",2021-01-02,"04","4  day ahead inc hosp",2021-01-06,"quantile",0.85,400.465112737551
"89",2021-01-02,"04","4  day ahead inc hosp",2021-01-06,"quantile",0.9,409.121621267663
"90",2021-01-02,"04","4  day ahead inc hosp",2021-01-06,"quantile",0.95,421.951870922116
"91",2021-01-02,"04","4  day ahead inc hosp",2021-01-06,"quantile",0.975,433.080199071175
"92",2021-01-02,"04","4  day ahead inc hosp",2021-01-06,"quantile",0.99,446.019285498213
"93",2021-01-02,"04","5  day ahead inc hosp",2021-01-07,"quantile",0.01,279.941190738318
"94",2021-01-02,"04","5  day ahead inc hosp",2021-01-07,"quantile",0.025,293.427050468326
"95",2021-01-02,"04","5  day ahead inc hosp",2021-01-07,"quantile",0.05,305.025633822258
"96",2021-01-02,"04","5  day ahead inc hosp",2021-01-07,"quantile",0.1,318.398057610955
"97",2021-01-02,"04","5  day ahead inc hosp",2021-01-07,"quantile",0.15,327.420368455465
"98",2021-01-02,"04","5  day ahead inc hosp",2021-01-07,"quantile",0.2,334.591015101608
"99",2021-01-02,"04","5  day ahead inc hosp",2021-01-07,"quantile",0.25,340.742791437514
"100",2021-01-02,"04","5  day ahead inc hosp",2021-01-07,"quantile",0.3,346.267276715798
"101",2021-01-02,"04","5  day ahead inc hosp",2021-01-07,"quantile",0.35,351.386535639019
"102",2021-01-02,"04","5  day ahead inc hosp",2021-01-07,"quantile",0.4,356.244211743734
"103",2021-01-02,"04","5  day ahead inc hosp",2021-01-07,"quantile",0.45,360.944069592473
"104",2021-01-02,"04","5  day ahead inc hosp",2021-01-07,"quantile",0.5,365.569412970645
"105",2021-01-02,"04","5  day ahead inc hosp",2021-01-07,"quantile",0.55,370.194756348818
"106",2021-01-02,"04","5  day ahead inc hosp",2021-01-07,"quantile",0.6,374.894614197557
"107",2021-01-02,"04","5  day ahead inc hosp",2021-01-07,"quantile",0.65,379.752290302272
"108",2021-01-02,"04","5  day ahead inc hosp",2021-01-07,"quantile",0.7,384.871549225493
"109",2021-01-02,"04","5  day ahead inc hosp",2021-01-07,"quantile",0.75,390.396034503777
"110",2021-01-02,"04","5  day ahead inc hosp",2021-01-07,"quantile",0.8,396.547810839683
"111",2021-01-02,"04","5  day ahead inc hosp",2021-01-07,"quantile",0.85,403.718457485826
"112",2021-01-02,"04","5  day ahead inc hosp",2021-01-07,"quantile",0.9,412.740768330336
"113",2021-01-02,"04","5  day ahead inc hosp",2021-01-07,"quantile",0.95,426.113192119033
"114",2021-01-02,"04","5  day ahead inc hosp",2021-01-07,"quantile",0.975,437.711775472965
"115",2021-01-02,"04","5  day ahead inc hosp",2021-01-07,"quantile",0.99,451.197635202973
"116",2021-01-02,"04","6  day ahead inc hosp",2021-01-08,"quantile",0.01,276.892056833299
"117",2021-01-02,"04","6  day ahead inc hosp",2021-01-08,"quantile",0.025,291.134921146616
"118",2021-01-02,"04","6  day ahead inc hosp",2021-01-08,"quantile",0.05,303.384570204521
"119",2021-01-02,"04","6  day ahead inc hosp",2021-01-08,"quantile",0.1,317.507631053121
"120",2021-01-02,"04","6  day ahead inc hosp",2021-01-08,"quantile",0.15,327.03639315829
"121",2021-01-02,"04","6  day ahead inc hosp",2021-01-08,"quantile",0.2,334.609551211572
"122",2021-01-02,"04","6  day ahead inc hosp",2021-01-08,"quantile",0.25,341.106646494509
"123",2021-01-02,"04","6  day ahead inc hosp",2021-01-08,"quantile",0.3,346.941238859758
"124",2021-01-02,"04","6  day ahead inc hosp",2021-01-08,"quantile",0.35,352.347858214246
"125",2021-01-02,"04","6  day ahead inc hosp",2021-01-08,"quantile",0.4,357.478211267195
"126",2021-01-02,"04","6  day ahead inc hosp",2021-01-08,"quantile",0.45,362.441887219016
"127",2021-01-02,"04","6  day ahead inc hosp",2021-01-08,"quantile",0.5,367.326865963917
"128",2021-01-02,"04","6  day ahead inc hosp",2021-01-08,"quantile",0.55,372.211844708818
"129",2021-01-02,"04","6  day ahead inc hosp",2021-01-08,"quantile",0.6,377.175520660639
"130",2021-01-02,"04","6  day ahead inc hosp",2021-01-08,"quantile",0.65,382.305873713588
"131",2021-01-02,"04","6  day ahead inc hosp",2021-01-08,"quantile",0.7,387.712493068076
"132",2021-01-02,"04","6  day ahead inc hosp",2021-01-08,"quantile",0.75,393.547085433325
"133",2021-01-02,"04","6  day ahead inc hosp",2021-01-08,"quantile",0.8,400.044180716262
"134",2021-01-02,"04","6  day ahead inc hosp",2021-01-08,"quantile",0.85,407.617338769544
"135",2021-01-02,"04","6  day ahead inc hosp",2021-01-08,"quantile",0.9,417.146100874713
"136",2021-01-02,"04","6  day ahead inc hosp",2021-01-08,"quantile",0.95,431.269161723313
"137",2021-01-02,"04","6  day ahead inc hosp",2021-01-08,"quantile",0.975,443.518810781218
"138",2021-01-02,"04","6  day ahead inc hosp",2021-01-08,"quantile",0.99,457.761675094535
"139",2021-01-02,"04","7  day ahead inc hosp",2021-01-09,"quantile",0.01,273.139533087208
"140",2021-01-02,"04","7  day ahead inc hosp",2021-01-09,"quantile",0.025,288.249056615464
"141",2021-01-02,"04","7  day ahead inc hosp",2021-01-09,"quantile",0.05,301.244080409958
"142",2021-01-02,"04","7  day ahead inc hosp",2021-01-09,"quantile",0.1,316.226510593148
"143",2021-01-02,"04","7  day ahead inc hosp",2021-01-09,"quantile",0.15,326.335085108499
"144",2021-01-02,"04","7  day ahead inc hosp",2021-01-09,"quantile",0.2,334.369059684967
"145",2021-01-02,"04","7  day ahead inc hosp",2021-01-09,"quantile",0.25,341.261494512916
"146",2021-01-02,"04","7  day ahead inc hosp",2021-01-09,"quantile",0.3,347.451114008068
"147",2021-01-02,"04","7  day ahead inc hosp",2021-01-09,"quantile",0.35,353.18671890803
"148",2021-01-02,"04","7  day ahead inc hosp",2021-01-09,"quantile",0.4,358.629247072068
"149",2021-01-02,"04","7  day ahead inc hosp",2021-01-09,"quantile",0.45,363.89495605664
"150",2021-01-02,"04","7  day ahead inc hosp",2021-01-09,"quantile",0.5,369.077179214668
"151",2021-01-02,"04","7  day ahead inc hosp",2021-01-09,"quantile",0.55,374.259402372695
"152",2021-01-02,"04","7  day ahead inc hosp",2021-01-09,"quantile",0.6,379.525111357267
"153",2021-01-02,"04","7  day ahead inc hosp",2021-01-09,"quantile",0.65,384.967639521306
"154",2021-01-02,"04","7  day ahead inc hosp",2021-01-09,"quantile",0.7,390.703244421268
"155",2021-01-02,"04","7  day ahead inc hosp",2021-01-09,"quantile",0.75,396.89286391642
"156",2021-01-02,"04","7  day ahead inc hosp",2021-01-09,"quantile",0.8,403.785298744368
"157",2021-01-02,"04","7  day ahead inc hosp",2021-01-09,"quantile",0.85,411.819273320836
"158",2021-01-02,"04","7  day ahead inc hosp",2021-01-09,"quantile",0.9,421.927847836188
"159",2021-01-02,"04","7  day ahead inc hosp",2021-01-09,"quantile",0.95,436.910278019378
"160",2021-01-02,"04","7  day ahead inc hosp",2021-01-09,"quantile",0.975,449.905301813871
"161",2021-01-02,"04","7  day ahead inc hosp",2021-01-09,"quantile",0.99,465.014825342128
"162",2021-01-02,"04","8  day ahead inc hosp",2021-01-10,"quantile",0.01,276.70194611967
"163",2021-01-02,"04","8  day ahead inc hosp",2021-01-10,"quantile",0.025,292.798698453432
"164",2021-01-02,"04","8  day ahead inc hosp",2021-01-10,"quantile",0.05,306.642793483969
"165",2021-01-02,"04","8  day ahead inc hosp",2021-01-10,"quantile",0.1,322.604148424492
"166",2021-01-02,"04","8  day ahead inc hosp",2021-01-10,"quantile",0.15,333.37319882616
"167",2021-01-02,"04","8  day ahead inc hosp",2021-01-10,"quantile",0.2,341.932098699561
"168",2021-01-02,"04","8  day ahead inc hosp",2021-01-10,"quantile",0.25,349.274872692044
"169",2021-01-02,"04","8  day ahead inc hosp",2021-01-10,"quantile",0.3,355.868910675264
"170",2021-01-02,"04","8  day ahead inc hosp",2021-01-10,"quantile",0.35,361.979269574825
"171",2021-01-02,"04","8  day ahead inc hosp",2021-01-10,"quantile",0.4,367.777402637209
"172",2021-01-02,"04","8  day ahead inc hosp",2021-01-10,"quantile",0.45,373.387163476312
"173",2021-01-02,"04","8  day ahead inc hosp",2021-01-10,"quantile",0.5,378.907983676701
"174",2021-01-02,"04","8  day ahead inc hosp",2021-01-10,"quantile",0.55,384.42880387709
"175",2021-01-02,"04","8  day ahead inc hosp",2021-01-10,"quantile",0.6,390.038564716194
"176",2021-01-02,"04","8  day ahead inc hosp",2021-01-10,"quantile",0.65,395.836697778577
"177",2021-01-02,"04","8  day ahead inc hosp",2021-01-10,"quantile",0.7,401.947056678138
"178",2021-01-02,"04","8  day ahead inc hosp",2021-01-10,"quantile",0.75,408.541094661358
"179",2021-01-02,"04","8  day ahead inc hosp",2021-01-10,"quantile",0.8,415.883868653841
"180",2021-01-02,"04","8  day ahead inc hosp",2021-01-10,"quantile",0.85,424.442768527242
"181",2021-01-02,"04","8  day ahead inc hosp",2021-01-10,"quantile",0.9,435.211818928911
"182",2021-01-02,"04","8  day ahead inc hosp",2021-01-10,"quantile",0.95,451.173173869434
"183",2021-01-02,"04","8  day ahead inc hosp",2021-01-10,"quantile",0.975,465.017268899971
"184",2021-01-02,"04","8  day ahead inc hosp",2021-01-10,"quantile",0.99,481.114021233732
"185",2021-01-02,"04","9  day ahead inc hosp",2021-01-11,"quantile",0.01,271.470213269679
"186",2021-01-02,"04","9  day ahead inc hosp",2021-01-11,"quantile",0.025,288.666725900538
"187",2021-01-02,"04","9  day ahead inc hosp",2021-01-11,"quantile",0.05,303.456675458008
"188",2021-01-02,"04","9  day ahead inc hosp",2021-01-11,"quantile",0.1,320.508540091884
"189",2021-01-02,"04","9  day ahead inc hosp",2021-01-11,"quantile",0.15,332.013352206451
"190",2021-01-02,"04","9  day ahead inc hosp",2021-01-11,"quantile",0.2,341.157012165143
"191",2021-01-02,"04","9  day ahead inc hosp",2021-01-11,"quantile",0.25,349.00145824278
"192",2021-01-02,"04","9  day ahead inc hosp",2021-01-11,"quantile",0.3,356.046013263296
"193",2021-01-02,"04","9  day ahead inc hosp",2021-01-11,"quantile",0.35,362.573843338372
"194",2021-01-02,"04","9  day ahead inc hosp",2021-01-11,"quantile",0.4,368.768115721724
"195",2021-01-02,"04","9  day ahead inc hosp",2021-01-11,"quantile",0.45,374.761145938347
"196",2021-01-02,"04","9  day ahead inc hosp",2021-01-11,"quantile",0.5,380.659158925076
"197",2021-01-02,"04","9  day ahead inc hosp",2021-01-11,"quantile",0.55,386.557171911806
"198",2021-01-02,"04","9  day ahead inc hosp",2021-01-11,"quantile",0.6,392.550202128429
"199",2021-01-02,"04","9  day ahead inc hosp",2021-01-11,"quantile",0.65,398.744474511781
"200",2021-01-02,"04","9  day ahead inc hosp",2021-01-11,"quantile",0.7,405.272304586857
"201",2021-01-02,"04","9  day ahead inc hosp",2021-01-11,"quantile",0.75,412.316859607373
"202",2021-01-02,"04","9  day ahead inc hosp",2021-01-11,"quantile",0.8,420.16130568501
"203",2021-01-02,"04","9  day ahead inc hosp",2021-01-11,"quantile",0.85,429.304965643702
"204",2021-01-02,"04","9  day ahead inc hosp",2021-01-11,"quantile",0.9,440.809777758269
"205",2021-01-02,"04","9  day ahead inc hosp",2021-01-11,"quantile",0.95,457.861642392145
"206",2021-01-02,"04","9  day ahead inc hosp",2021-01-11,"quantile",0.975,472.651591949615
"207",2021-01-02,"04","9  day ahead inc hosp",2021-01-11,"quantile",0.99,489.848104580474
"208",2021-01-02,"04","10  day ahead inc hosp",2021-01-12,"quantile",0.01,265.563642742432
"209",2021-01-02,"04","10  day ahead inc hosp",2021-01-12,"quantile",0.025,283.966201108176
"210",2021-01-02,"04","10  day ahead inc hosp",2021-01-12,"quantile",0.05,299.793416532619
"211",2021-01-02,"04","10  day ahead inc hosp",2021-01-12,"quantile",0.1,318.041182280574
"212",2021-01-02,"04","10  day ahead inc hosp",2021-01-12,"quantile",0.15,330.352863199257
"213",2021-01-02,"04","10  day ahead inc hosp",2021-01-12,"quantile",0.2,340.137796905198
"214",2021-01-02,"04","10  day ahead inc hosp",2021-01-12,"quantile",0.25,348.532398757879
"215",2021-01-02,"04","10  day ahead inc hosp",2021-01-12,"quantile",0.3,356.071010667663
"216",2021-01-02,"04","10  day ahead inc hosp",2021-01-12,"quantile",0.35,363.05665807984
"217",2021-01-02,"04","10  day ahead inc hosp",2021-01-12,"quantile",0.4,369.685354346047
"218",2021-01-02,"04","10  day ahead inc hosp",2021-01-12,"quantile",0.45,376.098694696879
"219",2021-01-02,"04","10  day ahead inc hosp",2021-01-12,"quantile",0.5,382.410353959434
"220",2021-01-02,"04","10  day ahead inc hosp",2021-01-12,"quantile",0.55,388.722013221989
"221",2021-01-02,"04","10  day ahead inc hosp",2021-01-12,"quantile",0.6,395.135353572821
"222",2021-01-02,"04","10  day ahead inc hosp",2021-01-12,"quantile",0.65,401.764049839028
"223",2021-01-02,"04","10  day ahead inc hosp",2021-01-12,"quantile",0.7,408.749697251205
"224",2021-01-02,"04","10  day ahead inc hosp",2021-01-12,"quantile",0.75,416.288309160989
"225",2021-01-02,"04","10  day ahead inc hosp",2021-01-12,"quantile",0.8,424.68291101367
"226",2021-01-02,"04","10  day ahead inc hosp",2021-01-12,"quantile",0.85,434.467844719611
"227",2021-01-02,"04","10  day ahead inc hosp",2021-01-12,"quantile",0.9,446.779525638294
"228",2021-01-02,"04","10  day ahead inc hosp",2021-01-12,"quantile",0.95,465.027291386249
"229",2021-01-02,"04","10  day ahead inc hosp",2021-01-12,"quantile",0.975,480.854506810692
"230",2021-01-02,"04","10  day ahead inc hosp",2021-01-12,"quantile",0.99,499.257065176436
"231",2021-01-02,"04","11  day ahead inc hosp",2021-01-13,"quantile",0.01,259.025381288533
"232",2021-01-02,"04","11  day ahead inc hosp",2021-01-13,"quantile",0.025,278.733471954781
"233",2021-01-02,"04","11  day ahead inc hosp",2021-01-13,"quantile",0.05,295.683517181091
"234",2021-01-02,"04","11  day ahead inc hosp",2021-01-13,"quantile",0.1,315.225833780211
"235",2021-01-02,"04","11  day ahead inc hosp",2021-01-13,"quantile",0.15,328.410942012281
"236",2021-01-02,"04","11  day ahead inc hosp",2021-01-13,"quantile",0.2,338.890048058694
"237",2021-01-02,"04","11  day ahead inc hosp",2021-01-13,"quantile",0.25,347.880187969221
"238",2021-01-02,"04","11  day ahead inc hosp",2021-01-13,"quantile",0.3,355.953611460829
"239",2021-01-02,"04","11  day ahead inc hosp",2021-01-13,"quantile",0.35,363.434841506425
"240",2021-01-02,"04","11  day ahead inc hosp",2021-01-13,"quantile",0.4,370.533797228615
"241",2021-01-02,"04","11  day ahead inc hosp",2021-01-13,"quantile",0.45,377.402119045378
"242",2021-01-02,"04","11  day ahead inc hosp",2021-01-13,"quantile",0.5,384.161546214616
"243",2021-01-02,"04","11  day ahead inc hosp",2021-01-13,"quantile",0.55,390.920973383854
"244",2021-01-02,"04","11  day ahead inc hosp",2021-01-13,"quantile",0.6,397.789295200618
"245",2021-01-02,"04","11  day ahead inc hosp",2021-01-13,"quantile",0.65,404.888250922807
"246",2021-01-02,"04","11  day ahead inc hosp",2021-01-13,"quantile",0.7,412.369480968404
"247",2021-01-02,"04","11  day ahead inc hosp",2021-01-13,"quantile",0.75,420.442904460012
"248",2021-01-02,"04","11  day ahead inc hosp",2021-01-13,"quantile",0.8,429.433044370539
"249",2021-01-02,"04","11  day ahead inc hosp",2021-01-13,"quantile",0.85,439.912150416951
"250",2021-01-02,"04","11  day ahead inc hosp",2021-01-13,"quantile",0.9,453.097258649021
"251",2021-01-02,"04","11  day ahead inc hosp",2021-01-13,"quantile",0.95,472.639575248142
"252",2021-01-02,"04","11  day ahead inc hosp",2021-01-13,"quantile",0.975,489.589620474452
"253",2021-01-02,"04","11  day ahead inc hosp",2021-01-13,"quantile",0.99,509.2977111407
"254",2021-01-02,"04","12  day ahead inc hosp",2021-01-14,"quantile",0.01,251.897008723895
"255",2021-01-02,"04","12  day ahead inc hosp",2021-01-14,"quantile",0.025,273.003570218641
"256",2021-01-02,"04","12  day ahead inc hosp",2021-01-14,"quantile",0.05,291.156377508113
"257",2021-01-02,"04","12  day ahead inc hosp",2021-01-14,"quantile",0.1,312.085401736498
"258",2021-01-02,"04","12  day ahead inc hosp",2021-01-14,"quantile",0.15,326.206115022625
"259",2021-01-02,"04","12  day ahead inc hosp",2021-01-14,"quantile",0.2,337.428810306717
"260",2021-01-02,"04","12  day ahead inc hosp",2021-01-14,"quantile",0.25,347.056883572733
"261",2021-01-02,"04","12  day ahead inc hosp",2021-01-14,"quantile",0.3,355.703190933729
"262",2021-01-02,"04","12  day ahead inc hosp",2021-01-14,"quantile",0.35,363.715283261076
"263",2021-01-02,"04","12  day ahead inc hosp",2021-01-14,"quantile",0.4,371.317975375512
"264",2021-01-02,"04","12  day ahead inc hosp",2021-01-14,"quantile",0.45,378.673667981468
"265",2021-01-02,"04","12  day ahead inc hosp",2021-01-14,"quantile",0.5,385.912738860166
"266",2021-01-02,"04","12  day ahead inc hosp",2021-01-14,"quantile",0.55,393.151809738864
"267",2021-01-02,"04","12  day ahead inc hosp",2021-01-14,"quantile",0.6,400.50750234482
"268",2021-01-02,"04","12  day ahead inc hosp",2021-01-14,"quantile",0.65,408.110194459256
"269",2021-01-02,"04","12  day ahead inc hosp",2021-01-14,"quantile",0.7,416.122286786604
"270",2021-01-02,"04","12  day ahead inc hosp",2021-01-14,"quantile",0.75,424.7685941476
"271",2021-01-02,"04","12  day ahead inc hosp",2021-01-14,"quantile",0.8,434.396667413615
"272",2021-01-02,"04","12  day ahead inc hosp",2021-01-14,"quantile",0.85,445.619362697708
"273",2021-01-02,"04","12  day ahead inc hosp",2021-01-14,"quantile",0.9,459.740075983834
"274",2021-01-02,"04","12  day ahead inc hosp",2021-01-14,"quantile",0.95,480.66910021222
"275",2021-01-02,"04","12  day ahead inc hosp",2021-01-14,"quantile",0.975,498.821907501692
"276",2021-01-02,"04","12  day ahead inc hosp",2021-01-14,"quantile",0.99,519.928468996438
"277",2021-01-02,"04","13  day ahead inc hosp",2021-01-15,"quantile",0.01,244.217481121083
"278",2021-01-02,"04","13  day ahead inc hosp",2021-01-15,"quantile",0.025,266.809316587042
"279",2021-01-02,"04","13  day ahead inc hosp",2021-01-15,"quantile",0.05,286.239541431154
"280",2021-01-02,"04","13  day ahead inc hosp",2021-01-15,"quantile",0.1,308.641346289253
"281",2021-01-02,"04","13  day ahead inc hosp",2021-01-15,"quantile",0.15,323.755737674205
"282",2021-01-02,"04","13  day ahead inc hosp",2021-01-15,"quantile",0.2,335.768176811007
"283",2021-01-02,"04","13  day ahead inc hosp",2021-01-15,"quantile",0.25,346.073779982522
"284",2021-01-02,"04","13  day ahead inc hosp",2021-01-15,"quantile",0.3,355.328530138598
"285",2021-01-02,"04","13  day ahead inc hosp",2021-01-15,"quantile",0.35,363.90443539169
"286",2021-01-02,"04","13  day ahead inc hosp",2021-01-15,"quantile",0.4,372.042130837272
"287",2021-01-02,"04","13  day ahead inc hosp",2021-01-15,"quantile",0.45,379.915445357654
"288",2021-01-02,"04","13  day ahead inc hosp",2021-01-15,"quantile",0.5,387.663931450885
"289",2021-01-02,"04","13  day ahead inc hosp",2021-01-15,"quantile",0.55,395.412417544115
"290",2021-01-02,"04","13  day ahead inc hosp",2021-01-15,"quantile",0.6,403.285732064498
"291",2021-01-02,"04","13  day ahead inc hosp",2021-01-15,"quantile",0.65,411.423427510079
"292",2021-01-02,"04","13  day ahead inc hosp",2021-01-15,"quantile",0.7,419.999332763172
"293",2021-01-02,"04","13  day ahead inc hosp",2021-01-15,"quantile",0.75,429.254082919248
"294",2021-01-02,"04","13  day ahead inc hosp",2021-01-15,"quantile",0.8,439.559686090762
"295",2021-01-02,"04","13  day ahead inc hosp",2021-01-15,"quantile",0.85,451.572125227564
"296",2021-01-02,"04","13  day ahead inc hosp",2021-01-15,"quantile",0.9,466.686516612516
"297",2021-01-02,"04","13  day ahead inc hosp",2021-01-15,"quantile",0.95,489.088321470615
"298",2021-01-02,"04","13  day ahead inc hosp",2021-01-15,"quantile",0.975,508.518546314727
"299",2021-01-02,"04","13  day ahead inc hosp",2021-01-15,"quantile",0.99,531.110381780686
"300",2021-01-02,"04","14  day ahead inc hosp",2021-01-16,"quantile",0.01,236.0224002972
"301",2021-01-02,"04","14  day ahead inc hosp",2021-01-16,"quantile",0.025,260.180705844081
"302",2021-01-02,"04","14  day ahead inc hosp",2021-01-16,"quantile",0.05,280.958181376601
"303",2021-01-02,"04","14  day ahead inc hosp",2021-01-16,"quantile",0.1,304.913279995259
"304",2021-01-02,"04","14  day ahead inc hosp",2021-01-16,"quantile",0.15,321.075671306182
"305",2021-01-02,"04","14  day ahead inc hosp",2021-01-16,"quantile",0.2,333.921027561873
"306",2021-01-02,"04","14  day ahead inc hosp",2021-01-16,"quantile",0.25,344.941199457046
"307",2021-01-02,"04","14  day ahead inc hosp",2021-01-16,"quantile",0.3,354.837654411643
"308",2021-01-02,"04","14  day ahead inc hosp",2021-01-16,"quantile",0.35,364.008194793697
"309",2021-01-02,"04","14  day ahead inc hosp",2021-01-16,"quantile",0.4,372.710140827168
"310",2021-01-02,"04","14  day ahead inc hosp",2021-01-16,"quantile",0.45,381.129374321352
"311",2021-01-02,"04","14  day ahead inc hosp",2021-01-16,"quantile",0.5,389.415124049305
"312",2021-01-02,"04","14  day ahead inc hosp",2021-01-16,"quantile",0.55,397.700873777258
"313",2021-01-02,"04","14  day ahead inc hosp",2021-01-16,"quantile",0.6,406.120107271441
"314",2021-01-02,"04","14  day ahead inc hosp",2021-01-16,"quantile",0.65,414.822053304912
"315",2021-01-02,"04","14  day ahead inc hosp",2021-01-16,"quantile",0.7,423.992593686967
"316",2021-01-02,"04","14  day ahead inc hosp",2021-01-16,"quantile",0.75,433.889048641563
"317",2021-01-02,"04","14  day ahead inc hosp",2021-01-16,"quantile",0.8,444.909220536737
"318",2021-01-02,"04","14  day ahead inc hosp",2021-01-16,"quantile",0.85,457.754576792428
"319",2021-01-02,"04","14  day ahead inc hosp",2021-01-16,"quantile",0.9,473.916968103351
"320",2021-01-02,"04","14  day ahead inc hosp",2021-01-16,"quantile",0.95,497.872066722009
"321",2021-01-02,"04","14  day ahead inc hosp",2021-01-16,"quantile",0.975,518.649542254528
"322",2021-01-02,"04","14  day ahead inc hosp",2021-01-16,"quantile",0.99,542.807847801409
"323",2021-01-02,"04","15  day ahead inc hosp",2021-01-17,"quantile",0.01,240.32751514116
"324",2021-01-02,"04","15  day ahead inc hosp",2021-01-17,"quantile",0.025,266.128438341966
"325",2021-01-02,"04","15  day ahead inc hosp",2021-01-17,"quantile",0.05,288.318655676574
"326",2021-01-02,"04","15  day ahead inc hosp",2021-01-17,"quantile",0.1,313.902555115562
"327",2021-01-02,"04","15  day ahead inc hosp",2021-01-17,"quantile",0.15,331.163890607212
"328",2021-01-02,"04","15  day ahead inc hosp",2021-01-17,"quantile",0.2,344.882652860504
"329",2021-01-02,"04","15  day ahead inc hosp",2021-01-17,"quantile",0.25,356.652129332076
"330",2021-01-02,"04","15  day ahead inc hosp",2021-01-17,"quantile",0.3,367.22148295451
"331",2021-01-02,"04","15  day ahead inc hosp",2021-01-17,"quantile",0.35,377.015564234263
"332",2021-01-02,"04","15  day ahead inc hosp",2021-01-17,"quantile",0.4,386.309189603453
"333",2021-01-02,"04","15  day ahead inc hosp",2021-01-17,"quantile",0.45,395.300879702395
"334",2021-01-02,"04","15  day ahead inc hosp",2021-01-17,"quantile",0.5,404.150009951913
"335",2021-01-02,"04","15  day ahead inc hosp",2021-01-17,"quantile",0.55,412.999140201431
"336",2021-01-02,"04","15  day ahead inc hosp",2021-01-17,"quantile",0.6,421.990830300373
"337",2021-01-02,"04","15  day ahead inc hosp",2021-01-17,"quantile",0.65,431.284455669563
"338",2021-01-02,"04","15  day ahead inc hosp",2021-01-17,"quantile",0.7,441.078536949316
"339",2021-01-02,"04","15  day ahead inc hosp",2021-01-17,"quantile",0.75,451.64789057175
"340",2021-01-02,"04","15  day ahead inc hosp",2021-01-17,"quantile",0.8,463.417367043322
"341",2021-01-02,"04","15  day ahead inc hosp",2021-01-17,"quantile",0.85,477.136129296615
"342",2021-01-02,"04","15  day ahead inc hosp",2021-01-17,"quantile",0.9,494.397464788264
"343",2021-01-02,"04","15  day ahead inc hosp",2021-01-17,"quantile",0.95,519.981364227252
"344",2021-01-02,"04","15  day ahead inc hosp",2021-01-17,"quantile",0.975,542.17158156186
"345",2021-01-02,"04","15  day ahead inc hosp",2021-01-17,"quantile",0.99,567.972504762666
"346",2021-01-02,"04","16  day ahead inc hosp",2021-01-18,"quantile",0.01,231.194037312766
"347",2021-01-02,"04","16  day ahead inc hosp",2021-01-18,"quantile",0.025,258.709221708585
"348",2021-01-02,"04","16  day ahead inc hosp",2021-01-18,"quantile",0.05,282.373798243039
"349",2021-01-02,"04","16  day ahead inc hosp",2021-01-18,"quantile",0.1,309.657539415752
"350",2021-01-02,"04","16  day ahead inc hosp",2021-01-18,"quantile",0.15,328.06575005513
"351",2021-01-02,"04","16  day ahead inc hosp",2021-01-18,"quantile",0.2,342.696012319155
"352",2021-01-02,"04","16  day ahead inc hosp",2021-01-18,"quantile",0.25,355.247474638435
"353",2021-01-02,"04","16  day ahead inc hosp",2021-01-18,"quantile",0.3,366.519075720399
"354",2021-01-02,"04","16  day ahead inc hosp",2021-01-18,"quantile",0.35,376.963893927201
"355",2021-01-02,"04","16  day ahead inc hosp",2021-01-18,"quantile",0.4,386.875005004456
"356",2021-01-02,"04","16  day ahead inc hosp",2021-01-18,"quantile",0.45,396.464119672054
"357",2021-01-02,"04","16  day ahead inc hosp",2021-01-18,"quantile",0.5,405.901202549403
"358",2021-01-02,"04","16  day ahead inc hosp",2021-01-18,"quantile",0.55,415.338285426752
"359",2021-01-02,"04","16  day ahead inc hosp",2021-01-18,"quantile",0.6,424.927400094351
"360",2021-01-02,"04","16  day ahead inc hosp",2021-01-18,"quantile",0.65,434.838511171606
"361",2021-01-02,"04","16  day ahead inc hosp",2021-01-18,"quantile",0.7,445.283329378408
"362",2021-01-02,"04","16  day ahead inc hosp",2021-01-18,"quantile",0.75,456.554930460372
"363",2021-01-02,"04","16  day ahead inc hosp",2021-01-18,"quantile",0.8,469.106392779652
"364",2021-01-02,"04","16  day ahead inc hosp",2021-01-18,"quantile",0.85,483.736655043677
"365",2021-01-02,"04","16  day ahead inc hosp",2021-01-18,"quantile",0.9,502.144865683054
"366",2021-01-02,"04","16  day ahead inc hosp",2021-01-18,"quantile",0.95,529.428606855767
"367",2021-01-02,"04","16  day ahead inc hosp",2021-01-18,"quantile",0.975,553.093183390221
"368",2021-01-02,"04","16  day ahead inc hosp",2021-01-18,"quantile",0.99,580.608367786041
"369",2021-01-02,"04","17  day ahead inc hosp",2021-01-19,"quantile",0.01,221.631046407912
"370",2021-01-02,"04","17  day ahead inc hosp",2021-01-19,"quantile",0.025,250.928137372548
"371",2021-01-02,"04","17  day ahead inc hosp",2021-01-19,"quantile",0.05,276.125251860171
"372",2021-01-02,"04","17  day ahead inc hosp",2021-01-19,"quantile",0.1,305.175911143196
"373",2021-01-02,"04","17  day ahead inc hosp",2021-01-19,"quantile",0.15,324.776253043139
"374",2021-01-02,"04","17  day ahead inc hosp",2021-01-19,"quantile",0.2,340.353983441731
"375",2021-01-02,"04","17  day ahead inc hosp",2021-01-19,"quantile",0.25,353.718289056307
"376",2021-01-02,"04","17  day ahead inc hosp",2021-01-19,"quantile",0.3,365.719848539425
"377",2021-01-02,"04","17  day ahead inc hosp",2021-01-19,"quantile",0.35,376.841081990445
"378",2021-01-02,"04","17  day ahead inc hosp",2021-01-19,"quantile",0.4,387.394044987672
"379",2021-01-02,"04","17  day ahead inc hosp",2021-01-19,"quantile",0.45,397.604158815935
"380",2021-01-02,"04","17  day ahead inc hosp",2021-01-19,"quantile",0.5,407.652395146872
"381",2021-01-02,"04","17  day ahead inc hosp",2021-01-19,"quantile",0.55,417.700631477809
"382",2021-01-02,"04","17  day ahead inc hosp",2021-01-19,"quantile",0.6,427.910745306072
"383",2021-01-02,"04","17  day ahead inc hosp",2021-01-19,"quantile",0.65,438.463708303299
"384",2021-01-02,"04","17  day ahead inc hosp",2021-01-19,"quantile",0.7,449.584941754319
"385",2021-01-02,"04","17  day ahead inc hosp",2021-01-19,"quantile",0.75,461.586501237437
"386",2021-01-02,"04","17  day ahead inc hosp",2021-01-19,"quantile",0.8,474.950806852013
"387",2021-01-02,"04","17  day ahead inc hosp",2021-01-19,"quantile",0.85,490.528537250605
"388",2021-01-02,"04","17  day ahead inc hosp",2021-01-19,"quantile",0.9,510.128879150548
"389",2021-01-02,"04","17  day ahead inc hosp",2021-01-19,"quantile",0.95,539.179538433573
"390",2021-01-02,"04","17  day ahead inc hosp",2021-01-19,"quantile",0.975,564.376652921196
"391",2021-01-02,"04","17  day ahead inc hosp",2021-01-19,"quantile",0.99,593.673743885832
"392",2021-01-02,"04","18  day ahead inc hosp",2021-01-20,"quantile",0.01,211.661030965806
"393",2021-01-02,"04","18  day ahead inc hosp",2021-01-20,"quantile",0.025,242.804132081852
"394",2021-01-02,"04","18  day ahead inc hosp",2021-01-20,"quantile",0.05,269.588917140129
"395",2021-01-02,"04","18  day ahead inc hosp",2021-01-20,"quantile",0.1,300.470058910523
"396",2021-01-02,"04","18  day ahead inc hosp",2021-01-20,"quantile",0.15,321.305418654457
"397",2021-01-02,"04","18  day ahead inc hosp",2021-01-20,"quantile",0.2,337.864702084592
"398",2021-01-02,"04","18  day ahead inc hosp",2021-01-20,"quantile",0.25,352.071092801092
"399",2021-01-02,"04","18  day ahead inc hosp",2021-01-20,"quantile",0.3,364.828870731473
"400",2021-01-02,"04","18  day ahead inc hosp",2021-01-20,"quantile",0.35,376.650853272959
"401",2021-01-02,"04","18  day ahead inc hosp",2021-01-20,"quantile",0.4,387.868758630635
"402",2021-01-02,"04","18  day ahead inc hosp",2021-01-20,"quantile",0.45,398.722211887948
"403",2021-01-02,"04","18  day ahead inc hosp",2021-01-20,"quantile",0.5,409.403587744344
"404",2021-01-02,"04","18  day ahead inc hosp",2021-01-20,"quantile",0.55,420.084963600739
"405",2021-01-02,"04","18  day ahead inc hosp",2021-01-20,"quantile",0.6,430.938416858053
"406",2021-01-02,"04","18  day ahead inc hosp",2021-01-20,"quantile",0.65,442.156322215729
"407",2021-01-02,"04","18  day ahead inc hosp",2021-01-20,"quantile",0.7,453.978304757215
"408",2021-01-02,"04","18  day ahead inc hosp",2021-01-20,"quantile",0.75,466.736082687595
"409",2021-01-02,"04","18  day ahead inc hosp",2021-01-20,"quantile",0.8,480.942473404096
"410",2021-01-02,"04","18  day ahead inc hosp",2021-01-20,"quantile",0.85,497.50175683423
"411",2021-01-02,"04","18  day ahead inc hosp",2021-01-20,"quantile",0.9,518.337116578165
"412",2021-01-02,"04","18  day ahead inc hosp",2021-01-20,"quantile",0.95,549.218258348558
"413",2021-01-02,"04","18  day ahead inc hosp",2021-01-20,"quantile",0.975,576.003043406836
"414",2021-01-02,"04","18  day ahead inc hosp",2021-01-20,"quantile",0.99,607.146144522882
"415",2021-01-02,"04","19  day ahead inc hosp",2021-01-21,"quantile",0.01,201.303913154592
"416",2021-01-02,"04","19  day ahead inc hosp",2021-01-21,"quantile",0.025,234.353990399324
"417",2021-01-02,"04","19  day ahead inc hosp",2021-01-21,"quantile",0.05,262.778880132079
"418",2021-01-02,"04","19  day ahead inc hosp",2021-01-21,"quantile",0.1,295.550957553462
"419",2021-01-02,"04","19  day ahead inc hosp",2021-01-21,"quantile",0.15,317.662122603884
"420",2021-01-02,"04","19  day ahead inc hosp",2021-01-21,"quantile",0.2,335.235375647762
"421",2021-01-02,"04","19  day ahead inc hosp",2021-01-21,"quantile",0.25,350.311662007288
"422",2021-01-02,"04","19  day ahead inc hosp",2021-01-21,"quantile",0.3,363.850633110362
"423",2021-01-02,"04","19  day ahead inc hosp",2021-01-21,"quantile",0.35,376.396507547403
"424",2021-01-02,"04","19  day ahead inc hosp",2021-01-21,"quantile",0.4,388.301315524418
"425",2021-01-02,"04","19  day ahead inc hosp",2021-01-21,"quantile",0.45,399.819355015401
"426",2021-01-02,"04","19  day ahead inc hosp",2021-01-21,"quantile",0.5,411.154780341815
"427",2021-01-02,"04","19  day ahead inc hosp",2021-01-21,"quantile",0.55,422.490205668229
"428",2021-01-02,"04","19  day ahead inc hosp",2021-01-21,"quantile",0.6,434.008245159212
"429",2021-01-02,"04","19  day ahead inc hosp",2021-01-21,"quantile",0.65,445.913053136228
"430",2021-01-02,"04","19  day ahead inc hosp",2021-01-21,"quantile",0.7,458.458927573269
"431",2021-01-02,"04","19  day ahead inc hosp",2021-01-21,"quantile",0.75,471.997898676342
"432",2021-01-02,"04","19  day ahead inc hosp",2021-01-21,"quantile",0.8,487.074185035868
"433",2021-01-02,"04","19  day ahead inc hosp",2021-01-21,"quantile",0.85,504.647438079747
"434",2021-01-02,"04","19  day ahead inc hosp",2021-01-21,"quantile",0.9,526.758603130168
"435",2021-01-02,"04","19  day ahead inc hosp",2021-01-21,"quantile",0.95,559.530680551552
"436",2021-01-02,"04","19  day ahead inc hosp",2021-01-21,"quantile",0.975,587.955570284307
"437",2021-01-02,"04","19  day ahead inc hosp",2021-01-21,"quantile",0.99,621.005647529039
"438",2021-01-02,"04","20  day ahead inc hosp",2021-01-22,"quantile",0.01,190.577368322869
"439",2021-01-02,"04","20  day ahead inc hosp",2021-01-22,"quantile",0.025,225.592603926973
"440",2021-01-02,"04","20  day ahead inc hosp",2021-01-22,"quantile",0.05,255.707638262383
"441",2021-01-02,"04","20  day ahead inc hosp",2021-01-22,"quantile",0.1,290.428344167196
"442",2021-01-02,"04","20  day ahead inc hosp",2021-01-22,"quantile",0.15,313.854239604252
"443",2021-01-02,"04","20  day ahead inc hosp",2021-01-22,"quantile",0.2,332.472398681626
"444",2021-01-02,"04","20  day ahead inc hosp",2021-01-22,"quantile",0.25,348.445121377695
"445",2021-01-02,"04","20  day ahead inc hosp",2021-01-22,"quantile",0.3,362.789120016513
"446",2021-01-02,"04","20  day ahead inc hosp",2021-01-22,"quantile",0.35,376.080972438507
"447",2021-01-02,"04","20  day ahead inc hosp",2021-01-22,"quantile",0.4,388.693640573897
"448",2021-01-02,"04","20  day ahead inc hosp",2021-01-22,"quantile",0.45,400.896542960106
"449",2021-01-02,"04","20  day ahead inc hosp",2021-01-22,"quantile",0.5,412.905972939287
"450",2021-01-02,"04","20  day ahead inc hosp",2021-01-22,"quantile",0.55,424.915402918467
"451",2021-01-02,"04","20  day ahead inc hosp",2021-01-22,"quantile",0.6,437.118305304676
"452",2021-01-02,"04","20  day ahead inc hosp",2021-01-22,"quantile",0.65,449.730973440066
"453",2021-01-02,"04","20  day ahead inc hosp",2021-01-22,"quantile",0.7,463.022825862061
"454",2021-01-02,"04","20  day ahead inc hosp",2021-01-22,"quantile",0.75,477.366824500878
"455",2021-01-02,"04","20  day ahead inc hosp",2021-01-22,"quantile",0.8,493.339547196947
"456",2021-01-02,"04","20  day ahead inc hosp",2021-01-22,"quantile",0.85,511.957706274321
"457",2021-01-02,"04","20  day ahead inc hosp",2021-01-22,"quantile",0.9,535.383601711377
"458",2021-01-02,"04","20  day ahead inc hosp",2021-01-22,"quantile",0.95,570.10430761619
"459",2021-01-02,"04","20  day ahead inc hosp",2021-01-22,"quantile",0.975,600.219341951601
"460",2021-01-02,"04","20  day ahead inc hosp",2021-01-22,"quantile",0.99,635.234577555704
"461",2021-01-02,"04","21  day ahead inc hosp",2021-01-23,"quantile",0.01,179.497118279697
"462",2021-01-02,"04","21  day ahead inc hosp",2021-01-23,"quantile",0.025,216.53321839639
"463",2021-01-02,"04","21  day ahead inc hosp",2021-01-23,"quantile",0.05,248.386307699412
"464",2021-01-02,"04","21  day ahead inc hosp",2021-01-23,"quantile",0.1,285.110879670082
"465",2021-01-02,"04","21  day ahead inc hosp",2021-01-23,"quantile",0.15,309.888774028397
"466",2021-01-02,"04","21  day ahead inc hosp",2021-01-23,"quantile",0.2,329.581458989149
"467",2021-01-02,"04","21  day ahead inc hosp",2021-01-23,"quantile",0.25,346.476029215557
"468",2021-01-02,"04","21  day ahead inc hosp",2021-01-23,"quantile",0.3,361.647875427516
"469",2021-01-02,"04","21  day ahead inc hosp",2021-01-23,"quantile",0.35,375.706851999976
"470",2021-01-02,"04","21  day ahead inc hosp",2021-01-23,"quantile",0.4,389.047445936925
"471",2021-01-02,"04","21  day ahead inc hosp",2021-01-23,"quantile",0.45,401.954624960358
"472",2021-01-02,"04","21  day ahead inc hosp",2021-01-23,"quantile",0.5,414.657165536758
"473",2021-01-02,"04","21  day ahead inc hosp",2021-01-23,"quantile",0.55,427.359706113158
"474",2021-01-02,"04","21  day ahead inc hosp",2021-01-23,"quantile",0.6,440.266885136591
"475",2021-01-02,"04","21  day ahead inc hosp",2021-01-23,"quantile",0.65,453.60747907354
"476",2021-01-02,"04","21  day ahead inc hosp",2021-01-23,"quantile",0.7,467.666455646
"477",2021-01-02,"04","21  day ahead inc hosp",2021-01-23,"quantile",0.75,482.838301857958
"478",2021-01-02,"04","21  day ahead inc hosp",2021-01-23,"quantile",0.8,499.732872084367
"479",2021-01-02,"04","21  day ahead inc hosp",2021-01-23,"quantile",0.85,519.425557045119
"480",2021-01-02,"04","21  day ahead inc hosp",2021-01-23,"quantile",0.9,544.203451403434
"481",2021-01-02,"04","21  day ahead inc hosp",2021-01-23,"quantile",0.95,580.928023374103
"482",2021-01-02,"04","21  day ahead inc hosp",2021-01-23,"quantile",0.975,612.781112677126
"483",2021-01-02,"04","21  day ahead inc hosp",2021-01-23,"quantile",0.99,649.817212793818
"484",2021-01-02,"04","22  day ahead inc hosp",2021-01-24,"quantile",0.01,176.790392006256
"485",2021-01-02,"04","22  day ahead inc hosp",2021-01-24,"quantile",0.025,215.90085323284
"486",2021-01-02,"04","22  day ahead inc hosp",2021-01-24,"quantile",0.05,249.538007528448
"487",2021-01-02,"04","22  day ahead inc hosp",2021-01-24,"quantile",0.1,288.319492177109
"488",2021-01-02,"04","22  day ahead inc hosp",2021-01-24,"quantile",0.15,314.485175754048
"489",2021-01-02,"04","22  day ahead inc hosp",2021-01-24,"quantile",0.2,335.280831591951
"490",2021-01-02,"04","22  day ahead inc hosp",2021-01-24,"quantile",0.25,353.121652620565
"491",2021-01-02,"04","22  day ahead inc hosp",2021-01-24,"quantile",0.3,369.143261298015
"492",2021-01-02,"04","22  day ahead inc hosp",2021-01-24,"quantile",0.35,383.989669434676
"493",2021-01-02,"04","22  day ahead inc hosp",2021-01-24,"quantile",0.4,398.07745892295
"494",2021-01-02,"04","22  day ahead inc hosp",2021-01-24,"quantile",0.45,411.707558289515
"495",2021-01-02,"04","22  day ahead inc hosp",2021-01-24,"quantile",0.5,425.121557580128
"496",2021-01-02,"04","22  day ahead inc hosp",2021-01-24,"quantile",0.55,438.535556870742
"497",2021-01-02,"04","22  day ahead inc hosp",2021-01-24,"quantile",0.6,452.165656237307
"498",2021-01-02,"04","22  day ahead inc hosp",2021-01-24,"quantile",0.65,466.253445725581
"499",2021-01-02,"04","22  day ahead inc hosp",2021-01-24,"quantile",0.7,481.099853862242
"500",2021-01-02,"04","22  day ahead inc hosp",2021-01-24,"quantile",0.75,497.121462539692
"501",2021-01-02,"04","22  day ahead inc hosp",2021-01-24,"quantile",0.8,514.962283568306
"502",2021-01-02,"04","22  day ahead inc hosp",2021-01-24,"quantile",0.85,535.757939406208
"503",2021-01-02,"04","22  day ahead inc hosp",2021-01-24,"quantile",0.9,561.923622983148
"504",2021-01-02,"04","22  day ahead inc hosp",2021-01-24,"quantile",0.95,600.705107631809
"505",2021-01-02,"04","22  day ahead inc hosp",2021-01-24,"quantile",0.975,634.342261927417
"506",2021-01-02,"04","22  day ahead inc hosp",2021-01-24,"quantile",0.99,673.452723154001
"507",2021-01-02,"04","23  day ahead inc hosp",2021-01-25,"quantile",0.01,165.043356317862
"508",2021-01-02,"04","23  day ahead inc hosp",2021-01-25,"quantile",0.025,206.279696238656
"509",2021-01-02,"04","23  day ahead inc hosp",2021-01-25,"quantile",0.05,241.745223491479
"510",2021-01-02,"04","23  day ahead inc hosp",2021-01-25,"quantile",0.1,282.634705063694
"511",2021-01-02,"04","23  day ahead inc hosp",2021-01-25,"quantile",0.15,310.222644157219
"512",2021-01-02,"04","23  day ahead inc hosp",2021-01-25,"quantile",0.2,332.148663593285
"513",2021-01-02,"04","23  day ahead inc hosp",2021-01-25,"quantile",0.25,350.95923593964
"514",2021-01-02,"04","23  day ahead inc hosp",2021-01-25,"quantile",0.3,367.851711271846
"515",2021-01-02,"04","23  day ahead inc hosp",2021-01-25,"quantile",0.35,383.505107149215
"516",2021-01-02,"04","23  day ahead inc hosp",2021-01-25,"quantile",0.4,398.358649087918
"517",2021-01-02,"04","23  day ahead inc hosp",2021-01-25,"quantile",0.45,412.729622812253
"518",2021-01-02,"04","23  day ahead inc hosp",2021-01-25,"quantile",0.5,426.8727501776
"519",2021-01-02,"04","23  day ahead inc hosp",2021-01-25,"quantile",0.55,441.015877542946
"520",2021-01-02,"04","23  day ahead inc hosp",2021-01-25,"quantile",0.6,455.386851267282
"521",2021-01-02,"04","23  day ahead inc hosp",2021-01-25,"quantile",0.65,470.240393205985
"522",2021-01-02,"04","23  day ahead inc hosp",2021-01-25,"quantile",0.7,485.893789083354
"523",2021-01-02,"04","23  day ahead inc hosp",2021-01-25,"quantile",0.75,502.786264415559
"524",2021-01-02,"04","23  day ahead inc hosp",2021-01-25,"quantile",0.8,521.596836761915
"525",2021-01-02,"04","23  day ahead inc hosp",2021-01-25,"quantile",0.85,543.522856197981
"526",2021-01-02,"04","23  day ahead inc hosp",2021-01-25,"quantile",0.9,571.110795291505
"527",2021-01-02,"04","23  day ahead inc hosp",2021-01-25,"quantile",0.95,612.00027686372
"528",2021-01-02,"04","23  day ahead inc hosp",2021-01-25,"quantile",0.975,647.465804116544
"529",2021-01-02,"04","23  day ahead inc hosp",2021-01-25,"quantile",0.99,688.702144037338
"530",2021-01-02,"04","24  day ahead inc hosp",2021-01-26,"quantile",0.01,152.98050995424
"531",2021-01-02,"04","24  day ahead inc hosp",2021-01-26,"quantile",0.025,196.392466592017
"532",2021-01-02,"04","24  day ahead inc hosp",2021-01-26,"quantile",0.05,233.729144245581
"533",2021-01-02,"04","24  day ahead inc hosp",2021-01-26,"quantile",0.1,276.7759423941
"534",2021-01-02,"04","24  day ahead inc hosp",2021-01-26,"quantile",0.15,305.819412739774
"535",2021-01-02,"04","24  day ahead inc hosp",2021-01-26,"quantile",0.2,328.902242273769
"536",2021-01-02,"04","24  day ahead inc hosp",2021-01-26,"quantile",0.25,348.705254679823
"537",2021-01-02,"04","24  day ahead inc hosp",2021-01-26,"quantile",0.3,366.488971858288
"538",2021-01-02,"04","24  day ahead inc hosp",2021-01-26,"quantile",0.35,382.968236127803
"539",2021-01-02,"04","24  day ahead inc hosp",2021-01-26,"quantile",0.4,398.605446408805
"540",2021-01-02,"04","24  day ahead inc hosp",2021-01-26,"quantile",0.45,413.734628323636
"541",2021-01-02,"04","24  day ahead inc hosp",2021-01-26,"quantile",0.5,428.623942775071
"542",2021-01-02,"04","24  day ahead inc hosp",2021-01-26,"quantile",0.55,443.513257226506
"543",2021-01-02,"04","24  day ahead inc hosp",2021-01-26,"quantile",0.6,458.642439141337
"544",2021-01-02,"04","24  day ahead inc hosp",2021-01-26,"quantile",0.65,474.27964942234
"545",2021-01-02,"04","24  day ahead inc hosp",2021-01-26,"quantile",0.7,490.758913691854
"546",2021-01-02,"04","24  day ahead inc hosp",2021-01-26,"quantile",0.75,508.542630870319
"547",2021-01-02,"04","24  day ahead inc hosp",2021-01-26,"quantile",0.8,528.345643276373
"548",2021-01-02,"04","24  day ahead inc hosp",2021-01-26,"quantile",0.85,551.428472810368
"549",2021-01-02,"04","24  day ahead inc hosp",2021-01-26,"quantile",0.9,580.471943156042
"550",2021-01-02,"04","24  day ahead inc hosp",2021-01-26,"quantile",0.95,623.518741304562
"551",2021-01-02,"04","24  day ahead inc hosp",2021-01-26,"quantile",0.975,660.855418958125
"552",2021-01-02,"04","24  day ahead inc hosp",2021-01-26,"quantile",0.99,704.267375595902
"553",2021-01-02,"04","25  day ahead inc hosp",2021-01-27,"quantile",0.01,140.61205516661
"554",2021-01-02,"04","25  day ahead inc hosp",2021-01-27,"quantile",0.025,186.247759759307
"555",2021-01-02,"04","25  day ahead inc hosp",2021-01-27,"quantile",0.05,225.496983333536
"556",2021-01-02,"04","25  day ahead inc hosp",2021-01-27,"quantile",0.1,270.748824441704
"557",2021-01-02,"04","25  day ahead inc hosp",2021-01-27,"quantile",0.15,301.280026803787
"558",2021-01-02,"04","25  day ahead inc hosp",2021-01-27,"quantile",0.2,325.54525858236
"559",2021-01-02,"04","25  day ahead inc hosp",2021-01-27,"quantile",0.25,346.362666831169
"560",2021-01-02,"04","25  day ahead inc hosp",2021-01-27,"quantile",0.3,365.05734282765
"561",2021-01-02,"04","25  day ahead inc hosp",2021-01-27,"quantile",0.35,382.380746202059
"562",2021-01-02,"04","25  day ahead inc hosp",2021-01-27,"quantile",0.4,398.818961945064
"563",2021-01-02,"04","25  day ahead inc hosp",2021-01-27,"quantile",0.45,414.723125914342
"564",2021-01-02,"04","25  day ahead inc hosp",2021-01-27,"quantile",0.5,430.375135372543
"565",2021-01-02,"04","25  day ahead inc hosp",2021-01-27,"quantile",0.55,446.027144830743
"566",2021-01-02,"04","25  day ahead inc hosp",2021-01-27,"quantile",0.6,461.931308800021
"567",2021-01-02,"04","25  day ahead inc hosp",2021-01-27,"quantile",0.65,478.369524543026
"568",2021-01-02,"04","25  day ahead inc hosp",2021-01-27,"quantile",0.7,495.692927917435
"569",2021-01-02,"04","25  day ahead inc hosp",2021-01-27,"quantile",0.75,514.387603913916
"570",2021-01-02,"04","25  day ahead inc hosp",2021-01-27,"quantile",0.8,535.205012162725
"571",2021-01-02,"04","25  day ahead inc hosp",2021-01-27,"quantile",0.85,559.470243941298
"572",2021-01-02,"04","25  day ahead inc hosp",2021-01-27,"quantile",0.9,590.001446303381
"573",2021-01-02,"04","25  day ahead inc hosp",2021-01-27,"quantile",0.95,635.253287411549
"574",2021-01-02,"04","25  day ahead inc hosp",2021-01-27,"quantile",0.975,674.502510985778
"575",2021-01-02,"04","25  day ahead inc hosp",2021-01-27,"quantile",0.99,720.138215578475
"576",2021-01-02,"04","26  day ahead inc hosp",2021-01-28,"quantile",0.01,127.947241873088
"577",2021-01-02,"04","26  day ahead inc hosp",2021-01-28,"quantile",0.025,175.853368859765
"578",2021-01-02,"04","26  day ahead inc hosp",2021-01-28,"quantile",0.05,217.055280947178
"579",2021-01-02,"04","26  day ahead inc hosp",2021-01-28,"quantile",0.1,264.55844685328
"580",2021-01-02,"04","26  day ahead inc hosp",2021-01-28,"quantile",0.15,296.608607368342
"581",2021-01-02,"04","26  day ahead inc hosp",2021-01-28,"quantile",0.2,322.081058934949
"582",2021-01-02,"04","26  day ahead inc hosp",2021-01-28,"quantile",0.25,343.934154269003
"583",2021-01-02,"04","26  day ahead inc hosp",2021-01-28,"quantile",0.3,363.558909277288
"584",2021-01-02,"04","26  day ahead inc hosp",2021-01-28,"quantile",0.35,381.744169465616
"585",2021-01-02,"04","26  day ahead inc hosp",2021-01-28,"quantile",0.4,399.000203043868
"586",2021-01-02,"04","26  day ahead inc hosp",2021-01-28,"quantile",0.45,415.695615233276
"587",2021-01-02,"04","26  day ahead inc hosp",2021-01-28,"quantile",0.5,432.126327970014
"588",2021-01-02,"04","26  day ahead inc hosp",2021-01-28,"quantile",0.55,448.557040706751
"589",2021-01-02,"04","26  day ahead inc hosp",2021-01-28,"quantile",0.6,465.25245289616
"590",2021-01-02,"04","26  day ahead inc hosp",2021-01-28,"quantile",0.65,482.508486474412
"591",2021-01-02,"04","26  day ahead inc hosp",2021-01-28,"quantile",0.7,500.69374666274
"592",2021-01-02,"04","26  day ahead inc hosp",2021-01-28,"quantile",0.75,520.318501671025
"593",2021-01-02,"04","26  day ahead inc hosp",2021-01-28,"quantile",0.8,542.171597005079
"594",2021-01-02,"04","26  day ahead inc hosp",2021-01-28,"quantile",0.85,567.644048571686
"595",2021-01-02,"04","26  day ahead inc hosp",2021-01-28,"quantile",0.9,599.694209086747
"596",2021-01-02,"04","26  day ahead inc hosp",2021-01-28,"quantile",0.95,647.19737499285
"597",2021-01-02,"04","26  day ahead inc hosp",2021-01-28,"quantile",0.975,688.399287080262
"598",2021-01-02,"04","26  day ahead inc hosp",2021-01-28,"quantile",0.99,736.305414066939
"599",2021-01-02,"04","27  day ahead inc hosp",2021-01-29,"quantile",0.01,114.99449105272
"600",2021-01-02,"04","27  day ahead inc hosp",2021-01-29,"quantile",0.025,165.216388625793
"601",2021-01-02,"04","27  day ahead inc hosp",2021-01-29,"quantile",0.05,208.409991173631
"602",2021-01-02,"04","27  day ahead inc hosp",2021-01-29,"quantile",0.1,258.209448625001
"603",2021-01-02,"04","27  day ahead inc hosp",2021-01-29,"quantile",0.15,291.808906143986
"604",2021-01-02,"04","27  day ahead inc hosp",2021-01-29,"quantile",0.2,318.512689855596
"605",2021-01-02,"04","27  day ahead inc hosp",2021-01-29,"quantile",0.25,341.42215853017
"606",2021-01-02,"04","27  day ahead inc hosp",2021-01-29,"quantile",0.3,361.995569446833
"607",2021-01-02,"04","27  day ahead inc hosp",2021-01-29,"quantile",0.35,381.059900712266
"608",2021-01-02,"04","27  day ahead inc hosp",2021-01-29,"quantile",0.4,399.150086778142
"609",2021-01-02,"04","27  day ahead inc hosp",2021-01-29,"quantile",0.45,416.652551152894
"610",2021-01-02,"04","27  day ahead inc hosp",2021-01-29,"quantile",0.5,433.877520567485
"611",2021-01-02,"04","27  day ahead inc hosp",2021-01-29,"quantile",0.55,451.102489982076
"612",2021-01-02,"04","27  day ahead inc hosp",2021-01-29,"quantile",0.6,468.604954356829
"613",2021-01-02,"04","27  day ahead inc hosp",2021-01-29,"quantile",0.65,486.695140422705
"614",2021-01-02,"04","27  day ahead inc hosp",2021-01-29,"quantile",0.7,505.759471688137
"615",2021-01-02,"04","27  day ahead inc hosp",2021-01-29,"quantile",0.75,526.3328826048
"616",2021-01-02,"04","27  day ahead inc hosp",2021-01-29,"quantile",0.8,549.242351279374
"617",2021-01-02,"04","27  day ahead inc hosp",2021-01-29,"quantile",0.85,575.946134990985
"618",2021-01-02,"04","27  day ahead inc hosp",2021-01-29,"quantile",0.9,609.54559250997
"619",2021-01-02,"04","27  day ahead inc hosp",2021-01-29,"quantile",0.95,659.34504996134
"620",2021-01-02,"04","27  day ahead inc hosp",2021-01-29,"quantile",0.975,702.538652509178
"621",2021-01-02,"04","27  day ahead inc hosp",2021-01-29,"quantile",0.99,752.76055008225
"622",2021-01-02,"04","28  day ahead inc hosp",2021-01-30,"quantile",0.01,101.761499916995
"623",2021-01-02,"04","28  day ahead inc hosp",2021-01-30,"quantile",0.025,154.343304010681
"624",2021-01-02,"04","28  day ahead inc hosp",2021-01-30,"quantile",0.05,199.566556357256
"625",2021-01-02,"04","28  day ahead inc hosp",2021-01-30,"quantile",0.1,251.706070039904
"626",2021-01-02,"04","28  day ahead inc hosp",2021-01-30,"quantile",0.15,286.884352388691
"627",2021-01-02,"04","28  day ahead inc hosp",2021-01-30,"quantile",0.2,314.842936025261
"628",2021-01-02,"04","28  day ahead inc hosp",2021-01-30,"quantile",0.25,338.828911305948
"629",2021-01-02,"04","28  day ahead inc hosp",2021-01-30,"quantile",0.3,360.369058425735
"630",2021-01-02,"04","28  day ahead inc hosp",2021-01-30,"quantile",0.35,380.329214855857
"631",2021-01-02,"04","28  day ahead inc hosp",2021-01-30,"quantile",0.4,399.269451400089
"632",2021-01-02,"04","28  day ahead inc hosp",2021-01-30,"quantile",0.45,417.594349450206
"633",2021-01-02,"04","28  day ahead inc hosp",2021-01-30,"quantile",0.5,435.628713164957
"634",2021-01-02,"04","28  day ahead inc hosp",2021-01-30,"quantile",0.55,453.663076879707
"635",2021-01-02,"04","28  day ahead inc hosp",2021-01-30,"quantile",0.6,471.987974929824
"636",2021-01-02,"04","28  day ahead inc hosp",2021-01-30,"quantile",0.65,490.928211474056
"637",2021-01-02,"04","28  day ahead inc hosp",2021-01-30,"quantile",0.7,510.888367904178
"638",2021-01-02,"04","28  day ahead inc hosp",2021-01-30,"quantile",0.75,532.428515023965
"639",2021-01-02,"04","28  day ahead inc hosp",2021-01-30,"quantile",0.8,556.414490304652
"640",2021-01-02,"04","28  day ahead inc hosp",2021-01-30,"quantile",0.85,584.373073941223
"641",2021-01-02,"04","28  day ahead inc hosp",2021-01-30,"quantile",0.9,619.551356290009
"642",2021-01-02,"04","28  day ahead inc hosp",2021-01-30,"quantile",0.95,671.690869972657
"643",2021-01-02,"04","28  day ahead inc hosp",2021-01-30,"quantile",0.975,716.914122319233
"644",2021-01-02,"04","28  day ahead inc hosp",2021-01-30,"quantile",0.99,769.495926412918
"645",2021-01-02,"04","29  day ahead inc hosp",2021-01-31,"quantile",0.01,78.1586344302416
"646",2021-01-02,"04","29  day ahead inc hosp",2021-01-31,"quantile",0.025,133.143368581897
"647",2021-01-02,"04","29  day ahead inc hosp",2021-01-31,"quantile",0.05,180.433273342854
"648",2021-01-02,"04","29  day ahead inc hosp",2021-01-31,"quantile",0.1,234.955504902827
"649",2021-01-02,"04","29  day ahead inc hosp",2021-01-31,"quantile",0.15,271.741395691465
"650",2021-01-02,"04","29  day ahead inc hosp",2021-01-31,"quantile",0.2,300.977655553806
"651",2021-01-02,"04","29  day ahead inc hosp",2021-01-31,"quantile",0.25,326.059763269755
"652",2021-01-02,"04","29  day ahead inc hosp",2021-01-31,"quantile",0.3,348.584271193805
"653",2021-01-02,"04","29  day ahead inc hosp",2021-01-31,"quantile",0.35,369.456584608161
"654",2021-01-02,"04","29  day ahead inc hosp",2021-01-31,"quantile",0.4,389.262368930407
"655",2021-01-02,"04","29  day ahead inc hosp",2021-01-31,"quantile",0.45,408.424694472654
"656",2021-01-02,"04","29  day ahead inc hosp",2021-01-31,"quantile",0.5,427.283208583031
"657",2021-01-02,"04","29  day ahead inc hosp",2021-01-31,"quantile",0.55,446.141722693407
"658",2021-01-02,"04","29  day ahead inc hosp",2021-01-31,"quantile",0.6,465.304048235654
"659",2021-01-02,"04","29  day ahead inc hosp",2021-01-31,"quantile",0.65,485.1098325579
"660",2021-01-02,"04","29  day ahead inc hosp",2021-01-31,"quantile",0.7,505.982145972256
"661",2021-01-02,"04","29  day ahead inc hosp",2021-01-31,"quantile",0.75,528.506653896306
"662",2021-01-02,"04","29  day ahead inc hosp",2021-01-31,"quantile",0.8,553.588761612255
"663",2021-01-02,"04","29  day ahead inc hosp",2021-01-31,"quantile",0.85,582.825021474596
"664",2021-01-02,"04","29  day ahead inc hosp",2021-01-31,"quantile",0.9,619.610912263234
"665",2021-01-02,"04","29  day ahead inc hosp",2021-01-31,"quantile",0.95,674.133143823207
"666",2021-01-02,"04","29  day ahead inc hosp",2021-01-31,"quantile",0.975,721.423048584164
"667",2021-01-02,"04","29  day ahead inc hosp",2021-01-31,"quantile",0.99,776.40778273582
"668",2021-01-02,"04","30  day ahead inc hosp",2021-02-01,"quantile",0.01,64.3857946440121
"669",2021-01-02,"04","30  day ahead inc hosp",2021-02-01,"quantile",0.025,121.815457788853
"670",2021-01-02,"04","30  day ahead inc hosp",2021-02-01,"quantile",0.05,171.208136365468
"671",2021-01-02,"04","30  day ahead inc hosp",2021-02-01,"quantile",0.1,228.154731465081
"672",2021-01-02,"04","30  day ahead inc hosp",2021-02-01,"quantile",0.15,266.576328824224
"673",2021-01-02,"04","30  day ahead inc hosp",2021-02-01,"quantile",0.2,297.112596415847
"674",2021-01-02,"04","30  day ahead inc hosp",2021-02-01,"quantile",0.25,323.309995008638
"675",2021-01-02,"04","30  day ahead inc hosp",2021-02-01,"quantile",0.3,346.836068609605
"676",2021-01-02,"04","30  day ahead inc hosp",2021-02-01,"quantile",0.35,368.63648188675
"677",2021-01-02,"04","30  day ahead inc hosp",2021-02-01,"quantile",0.4,389.322942219698
"678",2021-01-02,"04","30  day ahead inc hosp",2021-02-01,"quantile",0.45,409.337331994281
"679",2021-01-02,"04","30  day ahead inc hosp",2021-02-01,"quantile",0.5,429.034401180502
"680",2021-01-02,"04","30  day ahead inc hosp",2021-02-01,"quantile",0.55,448.731470366723
"681",2021-01-02,"04","30  day ahead inc hosp",2021-02-01,"quantile",0.6,468.745860141306
"682",2021-01-02,"04","30  day ahead inc hosp",2021-02-01,"quantile",0.65,489.432320474254
"683",2021-01-02,"04","30  day ahead inc hosp",2021-02-01,"quantile",0.7,511.232733751399
"684",2021-01-02,"04","30  day ahead inc hosp",2021-02-01,"quantile",0.75,534.758807352366
"685",2021-01-02,"04","30  day ahead inc hosp",2021-02-01,"quantile",0.8,560.956205945157
"686",2021-01-02,"04","30  day ahead inc hosp",2021-02-01,"quantile",0.85,591.49247353678
"687",2021-01-02,"04","30  day ahead inc hosp",2021-02-01,"quantile",0.9,629.914070895923
"688",2021-01-02,"04","30  day ahead inc hosp",2021-02-01,"quantile",0.95,686.860665995536
"689",2021-01-02,"04","30  day ahead inc hosp",2021-02-01,"quantile",0.975,736.253344572151
"690",2021-01-02,"04","30  day ahead inc hosp",2021-02-01,"quantile",0.99,793.683007716992
"691",2021-01-02,"04","31  day ahead inc hosp",2021-02-02,"quantile",0.01,50.3522971974278
"692",2021-01-02,"04","31  day ahead inc hosp",2021-02-02,"quantile",0.025,110.267941135356
"693",2021-01-02,"04","31  day ahead inc hosp",2021-02-02,"quantile",0.05,161.798700340286
"694",2021-01-02,"04","31  day ahead inc hosp",2021-02-02,"quantile",0.1,221.210365473347
"695",2021-01-02,"04","31  day ahead inc hosp",2021-02-02,"quantile",0.15,261.295133881111
"696",2021-01-02,"04","31  day ahead inc hosp",2021-02-02,"quantile",0.2,293.153237098584
"697",2021-01-02,"04","31  day ahead inc hosp",2021-02-02,"quantile",0.25,320.484652959877
"698",2021-01-02,"04","31  day ahead inc hosp",2021-02-02,"quantile",0.3,345.029109116236
"699",2021-01-02,"04","31  day ahead inc hosp",2021-02-02,"quantile",0.35,367.773205600292
"700",2021-01-02,"04","31  day ahead inc hosp",2021-02-02,"quantile",0.4,389.355129013617
"701",2021-01-02,"04","31  day ahead inc hosp",2021-02-02,"quantile",0.45,410.235889681574
"702",2021-01-02,"04","31  day ahead inc hosp",2021-02-02,"quantile",0.5,430.785593777973
"703",2021-01-02,"04","31  day ahead inc hosp",2021-02-02,"quantile",0.55,451.335297874373
"704",2021-01-02,"04","31  day ahead inc hosp",2021-02-02,"quantile",0.6,472.216058542329
"705",2021-01-02,"04","31  day ahead inc hosp",2021-02-02,"quantile",0.65,493.797981955654
"706",2021-01-02,"04","31  day ahead inc hosp",2021-02-02,"quantile",0.7,516.54207843971
"707",2021-01-02,"04","31  day ahead inc hosp",2021-02-02,"quantile",0.75,541.08653459607
"708",2021-01-02,"04","31  day ahead inc hosp",2021-02-02,"quantile",0.8,568.417950457363
"709",2021-01-02,"04","31  day ahead inc hosp",2021-02-02,"quantile",0.85,600.276053674836
"710",2021-01-02,"04","31  day ahead inc hosp",2021-02-02,"quantile",0.9,640.3608220826
"711",2021-01-02,"04","31  day ahead inc hosp",2021-02-02,"quantile",0.95,699.772487215661
"712",2021-01-02,"04","31  day ahead inc hosp",2021-02-02,"quantile",0.975,751.303246420591
"713",2021-01-02,"04","31  day ahead inc hosp",2021-02-02,"quantile",0.99,811.218890358519
"714",2021-01-02,"04","32  day ahead inc hosp",2021-02-03,"quantile",0.01,36.0637203015331
"715",2021-01-02,"04","32  day ahead inc hosp",2021-02-03,"quantile",0.025,98.5055183023389
"716",2021-01-02,"04","32  day ahead inc hosp",2021-02-03,"quantile",0.05,152.208909363877
"717",2021-01-02,"04","32  day ahead inc hosp",2021-02-03,"quantile",0.1,214.125479883813
"718",2021-01-02,"04","32  day ahead inc hosp",2021-02-03,"quantile",0.15,255.900296064037
"719",2021-01-02,"04","32  day ahead inc hosp",2021-02-03,"quantile",0.2,289.101595675456
"720",2021-01-02,"04","32  day ahead inc hosp",2021-02-03,"quantile",0.25,317.58535444228
"721",2021-01-02,"04","32  day ahead inc hosp",2021-02-03,"quantile",0.3,343.164650142462
"722",2021-01-02,"04","32  day ahead inc hosp",2021-02-03,"quantile",0.35,366.867679685791
"723",2021-01-02,"04","32  day ahead inc hosp",2021-02-03,"quantile",0.4,389.359536798097
"724",2021-01-02,"04","32  day ahead inc hosp",2021-02-03,"quantile",0.45,411.120668850395
"725",2021-01-02,"04","32  day ahead inc hosp",2021-02-03,"quantile",0.5,432.536786375445
"726",2021-01-02,"04","32  day ahead inc hosp",2021-02-03,"quantile",0.55,453.952903900495
"727",2021-01-02,"04","32  day ahead inc hosp",2021-02-03,"quantile",0.6,475.714035952793
"728",2021-01-02,"04","32  day ahead inc hosp",2021-02-03,"quantile",0.65,498.205893065099
"729",2021-01-02,"04","32  day ahead inc hosp",2021-02-03,"quantile",0.7,521.908922608427
"730",2021-01-02,"04","32  day ahead inc hosp",2021-02-03,"quantile",0.75,547.488218308609
"731",2021-01-02,"04","32  day ahead inc hosp",2021-02-03,"quantile",0.8,575.971977075433
"732",2021-01-02,"04","32  day ahead inc hosp",2021-02-03,"quantile",0.85,609.173276686853
"733",2021-01-02,"04","32  day ahead inc hosp",2021-02-03,"quantile",0.9,650.948092867076
"734",2021-01-02,"04","32  day ahead inc hosp",2021-02-03,"quantile",0.95,712.864663387013
"735",2021-01-02,"04","32  day ahead inc hosp",2021-02-03,"quantile",0.975,766.56805444855
"736",2021-01-02,"04","32  day ahead inc hosp",2021-02-03,"quantile",0.99,829.009852449356
"737",2021-01-02,"04","33  day ahead inc hosp",2021-02-04,"quantile",0.01,21.5252549728021
"738",2021-01-02,"04","33  day ahead inc hosp",2021-02-04,"quantile",0.025,86.5325627566623
"739",2021-01-02,"04","33  day ahead inc hosp",2021-02-04,"quantile",0.05,142.442433765331
"740",2021-01-02,"04","33  day ahead inc hosp",2021-02-04,"quantile",0.1,206.902934352752
"741",2021-01-02,"04","33  day ahead inc hosp",2021-02-04,"quantile",0.15,250.394128072173
"742",2021-01-02,"04","33  day ahead inc hosp",2021-02-04,"quantile",0.2,284.959550141471
"743",2021-01-02,"04","33  day ahead inc hosp",2021-02-04,"quantile",0.25,314.613604513388
"744",2021-01-02,"04","33  day ahead inc hosp",2021-02-04,"quantile",0.3,341.243861836449
"745",2021-01-02,"04","33  day ahead inc hosp",2021-02-04,"quantile",0.35,365.920763947968
"746",2021-01-02,"04","33  day ahead inc hosp",2021-02-04,"quantile",0.4,389.33673089228
"747",2021-01-02,"04","33  day ahead inc hosp",2021-02-04,"quantile",0.45,411.99194990168
"748",2021-01-02,"04","33  day ahead inc hosp",2021-02-04,"quantile",0.5,434.287978972916
"749",2021-01-02,"04","33  day ahead inc hosp",2021-02-04,"quantile",0.55,456.584008044152
"750",2021-01-02,"04","33  day ahead inc hosp",2021-02-04,"quantile",0.6,479.239227053552
"751",2021-01-02,"04","33  day ahead inc hosp",2021-02-04,"quantile",0.65,502.655193997864
"752",2021-01-02,"04","33  day ahead inc hosp",2021-02-04,"quantile",0.7,527.332096109383
"753",2021-01-02,"04","33  day ahead inc hosp",2021-02-04,"quantile",0.75,553.962353432444
"754",2021-01-02,"04","33  day ahead inc hosp",2021-02-04,"quantile",0.8,583.616407804362
"755",2021-01-02,"04","33  day ahead inc hosp",2021-02-04,"quantile",0.85,618.181829873659
"756",2021-01-02,"04","33  day ahead inc hosp",2021-02-04,"quantile",0.9,661.67302359308
"757",2021-01-02,"04","33  day ahead inc hosp",2021-02-04,"quantile",0.95,726.133524180501
"758",2021-01-02,"04","33  day ahead inc hosp",2021-02-04,"quantile",0.975,782.04339518917
"759",2021-01-02,"04","33  day ahead inc hosp",2021-02-04,"quantile",0.99,847.05070297303
"760",2021-01-02,"04","34  day ahead inc hosp",2021-02-05,"quantile",0.01,6.74174681308887
"761",2021-01-02,"04","34  day ahead inc hosp",2021-02-05,"quantile",0.025,74.3531569510076
"762",2021-01-02,"04","34  day ahead inc hosp",2021-02-05,"quantile",0.05,132.50269964694
"763",2021-01-02,"04","34  day ahead inc hosp",2021-02-05,"quantile",0.1,199.545398252492
"764",2021-01-02,"04","34  day ahead inc hosp",2021-02-05,"quantile",0.15,244.778788715733
"765",2021-01-02,"04","34  day ahead inc hosp",2021-02-05,"quantile",0.2,280.728853528259
"766",2021-01-02,"04","34  day ahead inc hosp",2021-02-05,"quantile",0.25,311.570808082938
"767",2021-01-02,"04","34  day ahead inc hosp",2021-02-05,"quantile",0.3,339.267836483717
"768",2021-01-02,"04","34  day ahead inc hosp",2021-02-05,"quantile",0.35,364.933260979414
"769",2021-01-02,"04","34  day ahead inc hosp",2021-02-05,"quantile",0.4,389.287238998496
"770",2021-01-02,"04","34  day ahead inc hosp",2021-02-05,"quantile",0.45,412.849994578249
"771",2021-01-02,"04","34  day ahead inc hosp",2021-02-05,"quantile",0.5,436.039171570387
"772",2021-01-02,"04","34  day ahead inc hosp",2021-02-05,"quantile",0.55,459.228348562525
"773",2021-01-02,"04","34  day ahead inc hosp",2021-02-05,"quantile",0.6,482.791104142279
"774",2021-01-02,"04","34  day ahead inc hosp",2021-02-05,"quantile",0.65,507.145082161361
"775",2021-01-02,"04","34  day ahead inc hosp",2021-02-05,"quantile",0.7,532.810506657057
"776",2021-01-02,"04","34  day ahead inc hosp",2021-02-05,"quantile",0.75,560.507535057837
"777",2021-01-02,"04","34  day ahead inc hosp",2021-02-05,"quantile",0.8,591.349489612516
"778",2021-01-02,"04","34  day ahead inc hosp",2021-02-05,"quantile",0.85,627.299554425041
"779",2021-01-02,"04","34  day ahead inc hosp",2021-02-05,"quantile",0.9,672.532944888282
"780",2021-01-02,"04","34  day ahead inc hosp",2021-02-05,"quantile",0.95,739.575643493835
"781",2021-01-02,"04","34  day ahead inc hosp",2021-02-05,"quantile",0.975,797.725186189767
"782",2021-01-02,"04","34  day ahead inc hosp",2021-02-05,"quantile",0.99,865.336596327686
"783",2021-01-02,"04","35  day ahead inc hosp",2021-02-06,"quantile",0.01,0
"784",2021-01-02,"04","35  day ahead inc hosp",2021-02-06,"quantile",0.025,61.9711227962438
"785",2021-01-02,"04","35  day ahead inc hosp",2021-02-06,"quantile",0.05,122.392914457416
"786",2021-01-02,"04","35  day ahead inc hosp",2021-02-06,"quantile",0.1,192.055370596228
"787",2021-01-02,"04","35  day ahead inc hosp",2021-02-06,"quantile",0.15,239.056299029833
"788",2021-01-02,"04","35  day ahead inc hosp",2021-02-06,"quantile",0.2,276.41114698911
"789",2021-01-02,"04","35  day ahead inc hosp",2021-02-06,"quantile",0.25,308.458280399438
"790",2021-01-02,"04","35  day ahead inc hosp",2021-02-06,"quantile",0.3,337.237596660209
"791",2021-01-02,"04","35  day ahead inc hosp",2021-02-06,"quantile",0.35,363.905922151322
"792",2021-01-02,"04","35  day ahead inc hosp",2021-02-06,"quantile",0.4,389.211555141153
"793",2021-01-02,"04","35  day ahead inc hosp",2021-02-06,"quantile",0.45,413.695047918519
"794",2021-01-02,"04","35  day ahead inc hosp",2021-02-06,"quantile",0.5,437.790364167859
"795",2021-01-02,"04","35  day ahead inc hosp",2021-02-06,"quantile",0.55,461.885680417199
"796",2021-01-02,"04","35  day ahead inc hosp",2021-02-06,"quantile",0.6,486.369173194564
"797",2021-01-02,"04","35  day ahead inc hosp",2021-02-06,"quantile",0.65,511.674806184395
"798",2021-01-02,"04","35  day ahead inc hosp",2021-02-06,"quantile",0.7,538.343131675508
"799",2021-01-02,"04","35  day ahead inc hosp",2021-02-06,"quantile",0.75,567.122447936279
"800",2021-01-02,"04","35  day ahead inc hosp",2021-02-06,"quantile",0.8,599.169581346608
"801",2021-01-02,"04","35  day ahead inc hosp",2021-02-06,"quantile",0.85,636.524429305884
"802",2021-01-02,"04","35  day ahead inc hosp",2021-02-06,"quantile",0.9,683.525357739489
"803",2021-01-02,"04","35  day ahead inc hosp",2021-02-06,"quantile",0.95,753.187813878302
"804",2021-01-02,"04","35  day ahead inc hosp",2021-02-06,"quantile",0.975,813.609605539474
"805",2021-01-02,"04","35  day ahead inc hosp",2021-02-06,"quantile",0.99,883.862996157404
"806",2021-01-02,"04","36  day ahead inc hosp",2021-02-07,"quantile",0.01,0
"807",2021-01-02,"04","36  day ahead inc hosp",2021-02-07,"quantile",0.025,58.1032475719891
"808",2021-01-02,"04","36  day ahead inc hosp",2021-02-07,"quantile",0.05,120.82928864763
"809",2021-01-02,"04","36  day ahead inc hosp",2021-02-07,"quantile",0.1,193.148396788232
"810",2021-01-02,"04","36  day ahead inc hosp",2021-02-07,"quantile",0.15,241.94175571496
"811",2021-01-02,"04","36  day ahead inc hosp",2021-02-07,"quantile",0.2,280.721170608968
"812",2021-01-02,"04","36  day ahead inc hosp",2021-02-07,"quantile",0.25,313.990455603451
"813",2021-01-02,"04","36  day ahead inc hosp",2021-02-07,"quantile",0.3,343.867301758976
"814",2021-01-02,"04","36  day ahead inc hosp",2021-02-07,"quantile",0.35,371.55265226223
"815",2021-01-02,"04","36  day ahead inc hosp",2021-02-07,"quantile",0.4,397.823342533489
"816",2021-01-02,"04","36  day ahead inc hosp",2021-02-07,"quantile",0.45,423.240539399154
"817",2021-01-02,"04","36  day ahead inc hosp",2021-02-07,"quantile",0.5,448.25475621123
"818",2021-01-02,"04","36  day ahead inc hosp",2021-02-07,"quantile",0.55,473.268973023307
"819",2021-01-02,"04","36  day ahead inc hosp",2021-02-07,"quantile",0.6,498.686169888972
"820",2021-01-02,"04","36  day ahead inc hosp",2021-02-07,"quantile",0.65,524.956860160231
"821",2021-01-02,"04","36  day ahead inc hosp",2021-02-07,"quantile",0.7,552.642210663485
"822",2021-01-02,"04","36  day ahead inc hosp",2021-02-07,"quantile",0.75,582.519056819009
"823",2021-01-02,"04","36  day ahead inc hosp",2021-02-07,"quantile",0.8,615.788341813492
"824",2021-01-02,"04","36  day ahead inc hosp",2021-02-07,"quantile",0.85,654.567756707501
"825",2021-01-02,"04","36  day ahead inc hosp",2021-02-07,"quantile",0.9,703.361115634229
"826",2021-01-02,"04","36  day ahead inc hosp",2021-02-07,"quantile",0.95,775.680223774831
"827",2021-01-02,"04","36  day ahead inc hosp",2021-02-07,"quantile",0.975,838.406264850472
"828",2021-01-02,"04","36  day ahead inc hosp",2021-02-07,"quantile",0.99,911.338843386291
"829",2021-01-02,"04","37  day ahead inc hosp",2021-02-08,"quantile",0.01,0
"830",2021-01-02,"04","37  day ahead inc hosp",2021-02-08,"quantile",0.025,45.3265092020575
"831",2021-01-02,"04","37  day ahead inc hosp",2021-02-08,"quantile",0.05,110.388257238781
"832",2021-01-02,"04","37  day ahead inc hosp",2021-02-08,"quantile",0.1,185.400285917753
"833",2021-01-02,"04","37  day ahead inc hosp",2021-02-08,"quantile",0.15,236.01054554705
"834",2021-01-02,"04","37  day ahead inc hosp",2021-02-08,"quantile",0.2,276.233975522537
"835",2021-01-02,"04","37  day ahead inc hosp",2021-02-08,"quantile",0.25,310.742096879387
"836",2021-01-02,"04","37  day ahead inc hosp",2021-02-08,"quantile",0.3,341.731456376165
"837",2021-01-02,"04","37  day ahead inc hosp",2021-02-08,"quantile",0.35,370.447716287721
"838",2021-01-02,"04","37  day ahead inc hosp",2021-02-08,"quantile",0.4,397.696638774609
"839",2021-01-02,"04","37  day ahead inc hosp",2021-02-08,"quantile",0.45,424.060286629883
"840",2021-01-02,"04","37  day ahead inc hosp",2021-02-08,"quantile",0.5,450.005948808702
"841",2021-01-02,"04","37  day ahead inc hosp",2021-02-08,"quantile",0.55,475.95161098752
"842",2021-01-02,"04","37  day ahead inc hosp",2021-02-08,"quantile",0.6,502.315258842795
"843",2021-01-02,"04","37  day ahead inc hosp",2021-02-08,"quantile",0.65,529.564181329682
"844",2021-01-02,"04","37  day ahead inc hosp",2021-02-08,"quantile",0.7,558.280441241238
"845",2021-01-02,"04","37  day ahead inc hosp",2021-02-08,"quantile",0.75,589.269800738016
"846",2021-01-02,"04","37  day ahead inc hosp",2021-02-08,"quantile",0.8,623.777922094867
"847",2021-01-02,"04","37  day ahead inc hosp",2021-02-08,"quantile",0.85,664.001352070353
"848",2021-01-02,"04","37  day ahead inc hosp",2021-02-08,"quantile",0.9,714.611611699651
"849",2021-01-02,"04","37  day ahead inc hosp",2021-02-08,"quantile",0.95,789.623640378623
"850",2021-01-02,"04","37  day ahead inc hosp",2021-02-08,"quantile",0.975,854.685388415346
"851",2021-01-02,"04","37  day ahead inc hosp",2021-02-08,"quantile",0.99,930.333731065313
"852",2021-01-02,"04","38  day ahead inc hosp",2021-02-09,"quantile",0.01,0
"853",2021-01-02,"04","38  day ahead inc hosp",2021-02-09,"quantile",0.025,32.3572930873768
"854",2021-01-02,"04","38  day ahead inc hosp",2021-02-09,"quantile",0.05,99.7856934145116
"855",2021-01-02,"04","38  day ahead inc hosp",2021-02-09,"quantile",0.1,177.526320614712
"856",2021-01-02,"04","38  day ahead inc hosp",2021-02-09,"quantile",0.15,229.977552712232
"857",2021-01-02,"04","38  day ahead inc hosp",2021-02-09,"quantile",0.2,271.664129245446
"858",2021-01-02,"04","38  day ahead inc hosp",2021-02-09,"quantile",0.25,307.427500067787
"859",2021-01-02,"04","38  day ahead inc hosp",2021-02-09,"quantile",0.3,339.544112379692
"860",2021-01-02,"04","38  day ahead inc hosp",2021-02-09,"quantile",0.35,369.304940018715
"861",2021-01-02,"04","38  day ahead inc hosp",2021-02-09,"quantile",0.4,397.545055130468
"862",2021-01-02,"04","38  day ahead inc hosp",2021-02-09,"quantile",0.45,424.867693321278
"863",2021-01-02,"04","38  day ahead inc hosp",2021-02-09,"quantile",0.5,451.757141406173
"864",2021-01-02,"04","38  day ahead inc hosp",2021-02-09,"quantile",0.55,478.646589491068
"865",2021-01-02,"04","38  day ahead inc hosp",2021-02-09,"quantile",0.6,505.969227681878
"866",2021-01-02,"04","38  day ahead inc hosp",2021-02-09,"quantile",0.65,534.209342793631
"867",2021-01-02,"04","38  day ahead inc hosp",2021-02-09,"quantile",0.7,563.970170432654
"868",2021-01-02,"04","38  day ahead inc hosp",2021-02-09,"quantile",0.75,596.086782744559
"869",2021-01-02,"04","38  day ahead inc hosp",2021-02-09,"quantile",0.8,631.8501535669
"870",2021-01-02,"04","38  day ahead inc hosp",2021-02-09,"quantile",0.85,673.536730100114
"871",2021-01-02,"04","38  day ahead inc hosp",2021-02-09,"quantile",0.9,725.987962197634
"872",2021-01-02,"04","38  day ahead inc hosp",2021-02-09,"quantile",0.95,803.728589397834
"873",2021-01-02,"04","38  day ahead inc hosp",2021-02-09,"quantile",0.975,871.156989724969
"874",2021-01-02,"04","38  day ahead inc hosp",2021-02-09,"quantile",0.99,949.557077122055
"875",2021-01-02,"04","39  day ahead inc hosp",2021-02-10,"quantile",0.01,0
"876",2021-01-02,"04","39  day ahead inc hosp",2021-02-10,"quantile",0.025,19.1986120010173
"877",2021-01-02,"04","39  day ahead inc hosp",2021-02-10,"quantile",0.05,89.0241255736871
"878",2021-01-02,"04","39  day ahead inc hosp",2021-02-10,"quantile",0.1,169.528470825535
"879",2021-01-02,"04","39  day ahead inc hosp",2021-02-10,"quantile",0.15,223.84437037172
"880",2021-01-02,"04","39  day ahead inc hosp",2021-02-10,"quantile",0.2,267.012925481973
"881",2021-01-02,"04","39  day ahead inc hosp",2021-02-10,"quantile",0.25,304.047701965538
"882",2021-01-02,"04","39  day ahead inc hosp",2021-02-10,"quantile",0.3,337.306075855666
"883",2021-01-02,"04","39  day ahead inc hosp",2021-02-10,"quantile",0.35,368.124915753403
"884",2021-01-02,"04","39  day ahead inc hosp",2021-02-10,"quantile",0.4,397.368981035431
"885",2021-01-02,"04","39  day ahead inc hosp",2021-02-10,"quantile",0.45,425.662952634603
"886",2021-01-02,"04","39  day ahead inc hosp",2021-02-10,"quantile",0.5,453.508334003644
"887",2021-01-02,"04","39  day ahead inc hosp",2021-02-10,"quantile",0.55,481.353715372685
"888",2021-01-02,"04","39  day ahead inc hosp",2021-02-10,"quantile",0.6,509.647686971858
"889",2021-01-02,"04","39  day ahead inc hosp",2021-02-10,"quantile",0.65,538.891752253886
"890",2021-01-02,"04","39  day ahead inc hosp",2021-02-10,"quantile",0.7,569.710592151623
"891",2021-01-02,"04","39  day ahead inc hosp",2021-02-10,"quantile",0.75,602.968966041751
"892",2021-01-02,"04","39  day ahead inc hosp",2021-02-10,"quantile",0.8,640.003742525316
"893",2021-01-02,"04","39  day ahead inc hosp",2021-02-10,"quantile",0.85,683.172297635568
"894",2021-01-02,"04","39  day ahead inc hosp",2021-02-10,"quantile",0.9,737.488197181754
"895",2021-01-02,"04","39  day ahead inc hosp",2021-02-10,"quantile",0.95,817.992542433602
"896",2021-01-02,"04","39  day ahead inc hosp",2021-02-10,"quantile",0.975,887.818056006271
"897",2021-01-02,"04","39  day ahead inc hosp",2021-02-10,"quantile",0.99,969.005305593753
"898",2021-01-02,"04","40  day ahead inc hosp",2021-02-11,"quantile",0.01,0
"899",2021-01-02,"04","40  day ahead inc hosp",2021-02-11,"quantile",0.025,5.853321088847
"900",2021-01-02,"04","40  day ahead inc hosp",2021-02-11,"quantile",0.05,78.1059498302528
"901",2021-01-02,"04","40  day ahead inc hosp",2021-02-11,"quantile",0.1,161.408603429758
"902",2021-01-02,"04","40  day ahead inc hosp",2021-02-11,"quantile",0.15,217.61250833311
"903",2021-01-02,"04","40  day ahead inc hosp",2021-02-11,"quantile",0.2,262.281590250251
"904",2021-01-02,"04","40  day ahead inc hosp",2021-02-11,"quantile",0.25,300.603685124685
"905",2021-01-02,"04","40  day ahead inc hosp",2021-02-11,"quantile",0.3,335.018110716061
"906",2021-01-02,"04","40  day ahead inc hosp",2021-02-11,"quantile",0.35,366.908204801149
"907",2021-01-02,"04","40  day ahead inc hosp",2021-02-11,"quantile",0.4,397.168785548798
"908",2021-01-02,"04","40  day ahead inc hosp",2021-02-11,"quantile",0.45,426.446247624996
"909",2021-01-02,"04","40  day ahead inc hosp",2021-02-11,"quantile",0.5,455.259526601116
"910",2021-01-02,"04","40  day ahead inc hosp",2021-02-11,"quantile",0.55,484.072805577235
"911",2021-01-02,"04","40  day ahead inc hosp",2021-02-11,"quantile",0.6,513.350267653433
"912",2021-01-02,"04","40  day ahead inc hosp",2021-02-11,"quantile",0.65,543.610848401082
"913",2021-01-02,"04","40  day ahead inc hosp",2021-02-11,"quantile",0.7,575.50094248617
"914",2021-01-02,"04","40  day ahead inc hosp",2021-02-11,"quantile",0.75,609.915368077546
"915",2021-01-02,"04","40  day ahead inc hosp",2021-02-11,"quantile",0.8,648.237462951981
"916",2021-01-02,"04","40  day ahead inc hosp",2021-02-11,"quantile",0.85,692.906544869121
"917",2021-01-02,"04","40  day ahead inc hosp",2021-02-11,"quantile",0.9,749.110449772473
"918",2021-01-02,"04","40  day ahead inc hosp",2021-02-11,"quantile",0.95,832.413103371979
"919",2021-01-02,"04","40  day ahead inc hosp",2021-02-11,"quantile",0.975,904.665732113384
"920",2021-01-02,"04","40  day ahead inc hosp",2021-02-11,"quantile",0.99,988.675027610727
"921",2021-01-02,"04","41  day ahead inc hosp",2021-02-12,"quantile",0.01,0
"922",2021-01-02,"04","41  day ahead inc hosp",2021-02-12,"quantile",0.025,0
"923",2021-01-02,"04","41  day ahead inc hosp",2021-02-12,"quantile",0.05,67.033441535579
"924",2021-01-02,"04","41  day ahead inc hosp",2021-02-12,"quantile",0.1,153.168491217413
"925",2021-01-02,"04","41  day ahead inc hosp",2021-02-12,"quantile",0.15,211.283400310682
"926",2021-01-02,"04","41  day ahead inc hosp",2021-02-12,"quantile",0.2,257.471287777902
"927",2021-01-02,"04","41  day ahead inc hosp",2021-02-12,"quantile",0.25,297.096382577295
"928",2021-01-02,"04","41  day ahead inc hosp",2021-02-12,"quantile",0.3,332.680942372189
"929",2021-01-02,"04","41  day ahead inc hosp",2021-02-12,"quantile",0.35,365.655340181693
"930",2021-01-02,"04","41  day ahead inc hosp",2021-02-12,"quantile",0.4,396.944819129521
"931",2021-01-02,"04","41  day ahead inc hosp",2021-02-12,"quantile",0.45,427.217752121733
"932",2021-01-02,"04","41  day ahead inc hosp",2021-02-12,"quantile",0.5,457.010719198587
"933",2021-01-02,"04","41  day ahead inc hosp",2021-02-12,"quantile",0.55,486.803686275441
"934",2021-01-02,"04","41  day ahead inc hosp",2021-02-12,"quantile",0.6,517.076619267653
"935",2021-01-02,"04","41  day ahead inc hosp",2021-02-12,"quantile",0.65,548.366098215481
"936",2021-01-02,"04","41  day ahead inc hosp",2021-02-12,"quantile",0.7,581.340496024985
"937",2021-01-02,"04","41  day ahead inc hosp",2021-02-12,"quantile",0.75,616.925055819879
"938",2021-01-02,"04","41  day ahead inc hosp",2021-02-12,"quantile",0.8,656.550150619272
"939",2021-01-02,"04","41  day ahead inc hosp",2021-02-12,"quantile",0.85,702.738038086492
"940",2021-01-02,"04","41  day ahead inc hosp",2021-02-12,"quantile",0.9,760.852947179761
"941",2021-01-02,"04","41  day ahead inc hosp",2021-02-12,"quantile",0.95,846.987996861595
"942",2021-01-02,"04","41  day ahead inc hosp",2021-02-12,"quantile",0.975,921.697306797924
"943",2021-01-02,"04","41  day ahead inc hosp",2021-02-12,"quantile",0.99,1008.56302510011
"944",2021-01-02,"04","42  day ahead inc hosp",2021-02-13,"quantile",0.01,0
"945",2021-01-02,"04","42  day ahead inc hosp",2021-02-13,"quantile",0.025,0
"946",2021-01-02,"04","42  day ahead inc hosp",2021-02-13,"quantile",0.05,55.8087654807883
"947",2021-01-02,"04","42  day ahead inc hosp",2021-02-13,"quantile",0.1,144.809820837941
"948",2021-01-02,"04","42  day ahead inc hosp",2021-02-13,"quantile",0.15,204.858410353955
"949",2021-01-02,"04","42  day ahead inc hosp",2021-02-13,"quantile",0.2,252.583125722256
"950",2021-01-02,"04","42  day ahead inc hosp",2021-02-13,"quantile",0.25,293.526682019026
"951",2021-01-02,"04","42  day ahead inc hosp",2021-02-13,"quantile",0.3,330.29526098733
"952",2021-01-02,"04","42  day ahead inc hosp",2021-02-13,"quantile",0.35,364.366829015129
"953",2021-01-02,"04","42  day ahead inc hosp",2021-02-13,"quantile",0.4,396.697415207608
"954",2021-01-02,"04","42  day ahead inc hosp",2021-02-13,"quantile",0.45,427.977631507658
"955",2021-01-02,"04","42  day ahead inc hosp",2021-02-13,"quantile",0.5,458.761911796058
"956",2021-01-02,"04","42  day ahead inc hosp",2021-02-13,"quantile",0.55,489.546192084459
"957",2021-01-02,"04","42  day ahead inc hosp",2021-02-13,"quantile",0.6,520.826408384509
"958",2021-01-02,"04","42  day ahead inc hosp",2021-02-13,"quantile",0.65,553.156994576988
"959",2021-01-02,"04","42  day ahead inc hosp",2021-02-13,"quantile",0.7,587.228562604787
"960",2021-01-02,"04","42  day ahead inc hosp",2021-02-13,"quantile",0.75,623.997141573091
"961",2021-01-02,"04","42  day ahead inc hosp",2021-02-13,"quantile",0.8,664.94069786986
"962",2021-01-02,"04","42  day ahead inc hosp",2021-02-13,"quantile",0.85,712.665413238162
"963",2021-01-02,"04","42  day ahead inc hosp",2021-02-13,"quantile",0.9,772.714002754175
"964",2021-01-02,"04","42  day ahead inc hosp",2021-02-13,"quantile",0.95,861.715058111328
"965",2021-01-02,"04","42  day ahead inc hosp",2021-02-13,"quantile",0.975,938.910200552167
"966",2021-01-02,"04","42  day ahead inc hosp",2021-02-13,"quantile",0.99,1028.66623635652
"967",2021-01-02,"04","43  day ahead inc hosp",2021-02-14,"quantile",0.01,0
"968",2021-01-02,"04","43  day ahead inc hosp",2021-02-14,"quantile",0.025,0
"969",2021-01-02,"04","43  day ahead inc hosp",2021-02-14,"quantile",0.05,57.5232955089591
"970",2021-01-02,"04","43  day ahead inc hosp",2021-02-14,"quantile",0.1,149.423510411015
"971",2021-01-02,"04","43  day ahead inc hosp",2021-02-14,"quantile",0.15,211.428149108183
"972",2021-01-02,"04","43  day ahead inc hosp",2021-02-14,"quantile",0.2,260.707470357645
"973",2021-01-02,"04","43  day ahead inc hosp",2021-02-14,"quantile",0.25,302.984740075718
"974",2021-01-02,"04","43  day ahead inc hosp",2021-02-14,"quantile",0.3,340.951034916499
"975",2021-01-02,"04","43  day ahead inc hosp",2021-02-14,"quantile",0.35,376.132465195495
"976",2021-01-02,"04","43  day ahead inc hosp",2021-02-14,"quantile",0.4,409.516202130694
"977",2021-01-02,"04","43  day ahead inc hosp",2021-02-14,"quantile",0.45,441.815353962339
"978",2021-01-02,"04","43  day ahead inc hosp",2021-02-14,"quantile",0.5,473.60241494444
"979",2021-01-02,"04","43  day ahead inc hosp",2021-02-14,"quantile",0.55,505.38947592654
"980",2021-01-02,"04","43  day ahead inc hosp",2021-02-14,"quantile",0.6,537.688627758185
"981",2021-01-02,"04","43  day ahead inc hosp",2021-02-14,"quantile",0.65,571.072364693384
"982",2021-01-02,"04","43  day ahead inc hosp",2021-02-14,"quantile",0.7,606.25379497238
"983",2021-01-02,"04","43  day ahead inc hosp",2021-02-14,"quantile",0.75,644.220089813161
"984",2021-01-02,"04","43  day ahead inc hosp",2021-02-14,"quantile",0.8,686.497359531234
"985",2021-01-02,"04","43  day ahead inc hosp",2021-02-14,"quantile",0.85,735.776680780697
"986",2021-01-02,"04","43  day ahead inc hosp",2021-02-14,"quantile",0.9,797.781319477865
"987",2021-01-02,"04","43  day ahead inc hosp",2021-02-14,"quantile",0.95,889.68153437992
"988",2021-01-02,"04","43  day ahead inc hosp",2021-02-14,"quantile",0.975,969.391265362764
"989",2021-01-02,"04","43  day ahead inc hosp",2021-02-14,"quantile",0.99,1062.07105377735
"990",2021-01-02,"04","44  day ahead inc hosp",2021-02-15,"quantile",0.01,0
"991",2021-01-02,"04","44  day ahead inc hosp",2021-02-15,"quantile",0.025,0
"992",2021-01-02,"04","44  day ahead inc hosp",2021-02-15,"quantile",0.05,46.0003803835311
"993",2021-01-02,"04","44  day ahead inc hosp",2021-02-15,"quantile",0.1,140.832473612052
"994",2021-01-02,"04","44  day ahead inc hosp",2021-02-15,"quantile",0.15,204.815236696962
"995",2021-01-02,"04","44  day ahead inc hosp",2021-02-15,"quantile",0.2,255.666708501983
"996",2021-01-02,"04","44  day ahead inc hosp",2021-02-15,"quantile",0.25,299.292743409785
"997",2021-01-02,"04","44  day ahead inc hosp",2021-02-15,"quantile",0.3,338.470271076283
"998",2021-01-02,"04","44  day ahead inc hosp",2021-02-15,"quantile",0.35,374.774089078082
"999",2021-01-02,"04","44  day ahead inc hosp",2021-02-15,"quantile",0.4,409.222862203687
"1000",2021-01-02,"04","44  day ahead inc hosp",2021-02-15,"quantile",0.45,442.552448875112
"1001",2021-01-02,"04","44  day ahead inc hosp",2021-02-15,"quantile",0.5,475.353607541911
"1002",2021-01-02,"04","44  day ahead inc hosp",2021-02-15,"quantile",0.55,508.15476620871
"1003",2021-01-02,"04","44  day ahead inc hosp",2021-02-15,"quantile",0.6,541.484352880135
"1004",2021-01-02,"04","44  day ahead inc hosp",2021-02-15,"quantile",0.65,575.93312600574
"1005",2021-01-02,"04","44  day ahead inc hosp",2021-02-15,"quantile",0.7,612.236944007539
"1006",2021-01-02,"04","44  day ahead inc hosp",2021-02-15,"quantile",0.75,651.414471674037
"1007",2021-01-02,"04","44  day ahead inc hosp",2021-02-15,"quantile",0.8,695.040506581839
"1008",2021-01-02,"04","44  day ahead inc hosp",2021-02-15,"quantile",0.85,745.89197838686
"1009",2021-01-02,"04","44  day ahead inc hosp",2021-02-15,"quantile",0.9,809.87474147177
"1010",2021-01-02,"04","44  day ahead inc hosp",2021-02-15,"quantile",0.95,904.706834700291
"1011",2021-01-02,"04","44  day ahead inc hosp",2021-02-15,"quantile",0.975,986.959532888663
"1012",2021-01-02,"04","44  day ahead inc hosp",2021-02-15,"quantile",0.99,1082.59607024278
"1013",2021-01-02,"04","45  day ahead inc hosp",2021-02-16,"quantile",0.01,0
"1014",2021-01-02,"04","45  day ahead inc hosp",2021-02-16,"quantile",0.025,0
"1015",2021-01-02,"04","45  day ahead inc hosp",2021-02-16,"quantile",0.05,34.3312143056261
"1016",2021-01-02,"04","45  day ahead inc hosp",2021-02-16,"quantile",0.1,132.12748859664
"1017",2021-01-02,"04","45  day ahead inc hosp",2021-02-16,"quantile",0.15,198.110170571934
"1018",2021-01-02,"04","45  day ahead inc hosp",2021-02-16,"quantile",0.2,250.551114512313
"1019",2021-01-02,"04","45  day ahead inc hosp",2021-02-16,"quantile",0.25,295.54077498297
"1020",2021-01-02,"04","45  day ahead inc hosp",2021-02-16,"quantile",0.3,335.942880549531
"1021",2021-01-02,"04","45  day ahead inc hosp",2021-02-16,"quantile",0.35,373.381452474327
"1022",2021-01-02,"04","45  day ahead inc hosp",2021-02-16,"quantile",0.4,408.906996105029
"1023",2021-01-02,"04","45  day ahead inc hosp",2021-02-16,"quantile",0.45,443.278370701499
"1024",2021-01-02,"04","45  day ahead inc hosp",2021-02-16,"quantile",0.5,477.104800139382
"1025",2021-01-02,"04","45  day ahead inc hosp",2021-02-16,"quantile",0.55,510.931229577266
"1026",2021-01-02,"04","45  day ahead inc hosp",2021-02-16,"quantile",0.6,545.302604173736
"1027",2021-01-02,"04","45  day ahead inc hosp",2021-02-16,"quantile",0.65,580.828147804437
"1028",2021-01-02,"04","45  day ahead inc hosp",2021-02-16,"quantile",0.7,618.266719729234
"1029",2021-01-02,"04","45  day ahead inc hosp",2021-02-16,"quantile",0.75,658.668825295795
"1030",2021-01-02,"04","45  day ahead inc hosp",2021-02-16,"quantile",0.8,703.658485766452
"1031",2021-01-02,"04","45  day ahead inc hosp",2021-02-16,"quantile",0.85,756.099429706831
"1032",2021-01-02,"04","45  day ahead inc hosp",2021-02-16,"quantile",0.9,822.082111682124
"1033",2021-01-02,"04","45  day ahead inc hosp",2021-02-16,"quantile",0.95,919.878385973139
"1034",2021-01-02,"04","45  day ahead inc hosp",2021-02-16,"quantile",0.975,1004.70206917311
"1035",2021-01-02,"04","45  day ahead inc hosp",2021-02-16,"quantile",0.99,1103.32793222127
"1036",2021-01-02,"04","46  day ahead inc hosp",2021-02-17,"quantile",0.01,0
"1037",2021-01-02,"04","46  day ahead inc hosp",2021-02-17,"quantile",0.025,0
"1038",2021-01-02,"04","46  day ahead inc hosp",2021-02-17,"quantile",0.05,22.5176011721258
"1039",2021-01-02,"04","46  day ahead inc hosp",2021-02-17,"quantile",0.1,123.309960831404
"1040",2021-01-02,"04","46  day ahead inc hosp",2021-02-17,"quantile",0.15,191.314087380719
"1041",2021-01-02,"04","46  day ahead inc hosp",2021-02-17,"quantile",0.2,245.361611387432
"1042",2021-01-02,"04","46  day ahead inc hosp",2021-02-17,"quantile",0.25,291.729574502402
"1043",2021-01-02,"04","46  day ahead inc hosp",2021-02-17,"quantile",0.3,333.369438441791
"1044",2021-01-02,"04","46  day ahead inc hosp",2021-02-17,"quantile",0.35,371.954977961885
"1045",2021-01-02,"04","46  day ahead inc hosp",2021-02-17,"quantile",0.4,408.568881678317
"1046",2021-01-02,"04","46  day ahead inc hosp",2021-02-17,"quantile",0.45,443.993257253222
"1047",2021-01-02,"04","46  day ahead inc hosp",2021-02-17,"quantile",0.5,478.855992736854
"1048",2021-01-02,"04","46  day ahead inc hosp",2021-02-17,"quantile",0.55,513.718728220486
"1049",2021-01-02,"04","46  day ahead inc hosp",2021-02-17,"quantile",0.6,549.14310379539
"1050",2021-01-02,"04","46  day ahead inc hosp",2021-02-17,"quantile",0.65,585.757007511822
"1051",2021-01-02,"04","46  day ahead inc hosp",2021-02-17,"quantile",0.7,624.342547031916
"1052",2021-01-02,"04","46  day ahead inc hosp",2021-02-17,"quantile",0.75,665.982410971305
"1053",2021-01-02,"04","46  day ahead inc hosp",2021-02-17,"quantile",0.8,712.350374086275
"1054",2021-01-02,"04","46  day ahead inc hosp",2021-02-17,"quantile",0.85,766.397898092988
"1055",2021-01-02,"04","46  day ahead inc hosp",2021-02-17,"quantile",0.9,834.402024642303
"1056",2021-01-02,"04","46  day ahead inc hosp",2021-02-17,"quantile",0.95,935.194384301582
"1057",2021-01-02,"04","46  day ahead inc hosp",2021-02-17,"quantile",0.975,1022.61672474039
"1058",2021-01-02,"04","46  day ahead inc hosp",2021-02-17,"quantile",0.99,1124.26408842703
"1059",2021-01-02,"04","47  day ahead inc hosp",2021-02-18,"quantile",0.01,0
"1060",2021-01-02,"04","47  day ahead inc hosp",2021-02-18,"quantile",0.025,0
"1061",2021-01-02,"04","47  day ahead inc hosp",2021-02-18,"quantile",0.05,10.5612709322402
"1062",2021-01-02,"04","47  day ahead inc hosp",2021-02-18,"quantile",0.1,114.381238168263
"1063",2021-01-02,"04","47  day ahead inc hosp",2021-02-18,"quantile",0.15,184.428077176008
"1064",2021-01-02,"04","47  day ahead inc hosp",2021-02-18,"quantile",0.2,240.099084289379
"1065",2021-01-02,"04","47  day ahead inc hosp",2021-02-18,"quantile",0.25,287.859851352184
"1066",2021-01-02,"04","47  day ahead inc hosp",2021-02-18,"quantile",0.3,330.750496283145
"1067",2021-01-02,"04","47  day ahead inc hosp",2021-02-18,"quantile",0.35,370.49507079556
"1068",2021-01-02,"04","47  day ahead inc hosp",2021-02-18,"quantile",0.4,408.208785377427
"1069",2021-01-02,"04","47  day ahead inc hosp",2021-02-18,"quantile",0.45,444.697240692647
"1070",2021-01-02,"04","47  day ahead inc hosp",2021-02-18,"quantile",0.5,480.607185334325
"1071",2021-01-02,"04","47  day ahead inc hosp",2021-02-18,"quantile",0.55,516.517129976003
"1072",2021-01-02,"04","47  day ahead inc hosp",2021-02-18,"quantile",0.6,553.005585291223
"1073",2021-01-02,"04","47  day ahead inc hosp",2021-02-18,"quantile",0.65,590.71929987309
"1074",2021-01-02,"04","47  day ahead inc hosp",2021-02-18,"quantile",0.7,630.463874385506
"1075",2021-01-02,"04","47  day ahead inc hosp",2021-02-18,"quantile",0.75,673.354519316466
"1076",2021-01-02,"04","47  day ahead inc hosp",2021-02-18,"quantile",0.8,721.115286379272
"1077",2021-01-02,"04","47  day ahead inc hosp",2021-02-18,"quantile",0.85,776.786293492642
"1078",2021-01-02,"04","47  day ahead inc hosp",2021-02-18,"quantile",0.9,846.833132500387
"1079",2021-01-02,"04","47  day ahead inc hosp",2021-02-18,"quantile",0.95,950.65309973641
"1080",2021-01-02,"04","47  day ahead inc hosp",2021-02-18,"quantile",0.975,1040.70143822888
"1081",2021-01-02,"04","47  day ahead inc hosp",2021-02-18,"quantile",0.99,1145.40209215988
"1082",2021-01-02,"04","48  day ahead inc hosp",2021-02-19,"quantile",0.01,0
"1083",2021-01-02,"04","48  day ahead inc hosp",2021-02-19,"quantile",0.025,0
"1084",2021-01-02,"04","48  day ahead inc hosp",2021-02-19,"quantile",0.05,0
"1085",2021-01-02,"04","48  day ahead inc hosp",2021-02-19,"quantile",0.1,105.342614919472
"1086",2021-01-02,"04","48  day ahead inc hosp",2021-02-19,"quantile",0.15,177.453186711185
"1087",2021-01-02,"04","48  day ahead inc hosp",2021-02-19,"quantile",0.2,234.764383219593
"1088",2021-01-02,"04","48  day ahead inc hosp",2021-02-19,"quantile",0.25,283.932286738107
"1089",2021-01-02,"04","48  day ahead inc hosp",2021-02-19,"quantile",0.3,328.086583695675
"1090",2021-01-02,"04","48  day ahead inc hosp",2021-02-19,"quantile",0.35,369.00212013254
"1091",2021-01-02,"04","48  day ahead inc hosp",2021-02-19,"quantile",0.4,407.826963072094
"1092",2021-01-02,"04","48  day ahead inc hosp",2021-02-19,"quantile",0.45,445.390447932359
"1093",2021-01-02,"04","48  day ahead inc hosp",2021-02-19,"quantile",0.5,482.358377931796
"1094",2021-01-02,"04","48  day ahead inc hosp",2021-02-19,"quantile",0.55,519.326307931234
"1095",2021-01-02,"04","48  day ahead inc hosp",2021-02-19,"quantile",0.6,556.889792791499
"1096",2021-01-02,"04","48  day ahead inc hosp",2021-02-19,"quantile",0.65,595.714635731052
"1097",2021-01-02,"04","48  day ahead inc hosp",2021-02-19,"quantile",0.7,636.630172167918
"1098",2021-01-02,"04","48  day ahead inc hosp",2021-02-19,"quantile",0.75,680.784469125485
"1099",2021-01-02,"04","48  day ahead inc hosp",2021-02-19,"quantile",0.8,729.952372644
"1100",2021-01-02,"04","48  day ahead inc hosp",2021-02-19,"quantile",0.85,787.263569152408
"1101",2021-01-02,"04","48  day ahead inc hosp",2021-02-19,"quantile",0.9,859.374140944121
"1102",2021-01-02,"04","48  day ahead inc hosp",2021-02-19,"quantile",0.95,966.252871045828
"1103",2021-01-02,"04","48  day ahead inc hosp",2021-02-19,"quantile",0.975,1058.9542301588
"1104",2021-01-02,"04","48  day ahead inc hosp",2021-02-19,"quantile",0.99,1166.73959390799
"1105",2021-01-02,"04","49  day ahead inc hosp",2021-02-20,"quantile",0.01,0
"1106",2021-01-02,"04","49  day ahead inc hosp",2021-02-20,"quantile",0.025,0
"1107",2021-01-02,"04","49  day ahead inc hosp",2021-02-20,"quantile",0.05,0
"1108",2021-01-02,"04","49  day ahead inc hosp",2021-02-20,"quantile",0.1,96.1953355383728
"1109",2021-01-02,"04","49  day ahead inc hosp",2021-02-20,"quantile",0.15,170.390422417072
"1110",2021-01-02,"04","49  day ahead inc hosp",2021-02-20,"quantile",0.2,229.358325436143
"1111",2021-01-02,"04","49  day ahead inc hosp",2021-02-20,"quantile",0.25,279.947535624862
"1112",2021-01-02,"04","49  day ahead inc hosp",2021-02-20,"quantile",0.3,325.378209899602
"1113",2021-01-02,"04","49  day ahead inc hosp",2021-02-20,"quantile",0.35,367.476500139074
"1114",2021-01-02,"04","49  day ahead inc hosp",2021-02-20,"quantile",0.4,407.423660775555
"1115",2021-01-02,"04","49  day ahead inc hosp",2021-02-20,"quantile",0.45,446.073000996073
"1116",2021-01-02,"04","49  day ahead inc hosp",2021-02-20,"quantile",0.5,484.109570529268
"1117",2021-01-02,"04","49  day ahead inc hosp",2021-02-20,"quantile",0.55,522.146140062462
"1118",2021-01-02,"04","49  day ahead inc hosp",2021-02-20,"quantile",0.6,560.795480282981
"1119",2021-01-02,"04","49  day ahead inc hosp",2021-02-20,"quantile",0.65,600.742640919462
"1120",2021-01-02,"04","49  day ahead inc hosp",2021-02-20,"quantile",0.7,642.840931158933
"1121",2021-01-02,"04","49  day ahead inc hosp",2021-02-20,"quantile",0.75,688.271605433674
"1122",2021-01-02,"04","49  day ahead inc hosp",2021-02-20,"quantile",0.8,738.860815622392
"1123",2021-01-02,"04","49  day ahead inc hosp",2021-02-20,"quantile",0.85,797.828718641464
"1124",2021-01-02,"04","49  day ahead inc hosp",2021-02-20,"quantile",0.9,872.023805520163
"1125",2021-01-02,"04","49  day ahead inc hosp",2021-02-20,"quantile",0.95,981.992100991264
"1126",2021-01-02,"04","49  day ahead inc hosp",2021-02-20,"quantile",0.975,1077.37319730301
"1127",2021-01-02,"04","49  day ahead inc hosp",2021-02-20,"quantile",0.99,1188.27433466637
"1128",2021-01-02,"04","50  day ahead inc hosp",2021-02-21,"quantile",0.01,0
"1129",2021-01-02,"04","50  day ahead inc hosp",2021-02-21,"quantile",0.025,0
"1130",2021-01-02,"04","50  day ahead inc hosp",2021-02-21,"quantile",0.05,0
"1131",2021-01-02,"04","50  day ahead inc hosp",2021-02-21,"quantile",0.1,95.6537973983294
"1132",2021-01-02,"04","50  day ahead inc hosp",2021-02-21,"quantile",0.15,171.953952543364
"1133",2021-01-02,"04","50  day ahead inc hosp",2021-02-21,"quantile",0.2,232.594897088497
"1134",2021-01-02,"04","50  day ahead inc hosp",2021-02-21,"quantile",0.25,284.619427936135
"1135",2021-01-02,"04","50  day ahead inc hosp",2021-02-21,"quantile",0.3,331.339064523034
"1136",2021-01-02,"04","50  day ahead inc hosp",2021-02-21,"quantile",0.35,374.631770438507
"1137",2021-01-02,"04","50  day ahead inc hosp",2021-02-21,"quantile",0.4,415.712314749348
"1138",2021-01-02,"04","50  day ahead inc hosp",2021-02-21,"quantile",0.45,455.458216791353
"1139",2021-01-02,"04","50  day ahead inc hosp",2021-02-21,"quantile",0.5,494.573962572639
"1140",2021-01-02,"04","50  day ahead inc hosp",2021-02-21,"quantile",0.55,533.689708353926
"1141",2021-01-02,"04","50  day ahead inc hosp",2021-02-21,"quantile",0.6,573.435610395931
"1142",2021-01-02,"04","50  day ahead inc hosp",2021-02-21,"quantile",0.65,614.516154706772
"1143",2021-01-02,"04","50  day ahead inc hosp",2021-02-21,"quantile",0.7,657.808860622244
"1144",2021-01-02,"04","50  day ahead inc hosp",2021-02-21,"quantile",0.75,704.528497209144
"1145",2021-01-02,"04","50  day ahead inc hosp",2021-02-21,"quantile",0.8,756.553028056781
"1146",2021-01-02,"04","50  day ahead inc hosp",2021-02-21,"quantile",0.85,817.193972601915
"1147",2021-01-02,"04","50  day ahead inc hosp",2021-02-21,"quantile",0.9,893.494127746949
"1148",2021-01-02,"04","50  day ahead inc hosp",2021-02-21,"quantile",0.95,1006.58245149536
"1149",2021-01-02,"04","50  day ahead inc hosp",2021-02-21,"quantile",0.975,1104.66970703545
"1150",2021-01-02,"04","50  day ahead inc hosp",2021-02-21,"quantile",0.99,1218.71733933244
"1151",2021-01-02,"04","51  day ahead inc hosp",2021-02-22,"quantile",0.01,0
"1152",2021-01-02,"04","51  day ahead inc hosp",2021-02-22,"quantile",0.025,0
"1153",2021-01-02,"04","51  day ahead inc hosp",2021-02-22,"quantile",0.05,0
"1154",2021-01-02,"04","51  day ahead inc hosp",2021-02-22,"quantile",0.1,86.2927560346888
"1155",2021-01-02,"04","51  day ahead inc hosp",2021-02-22,"quantile",0.15,164.718311821905
"1156",2021-01-02,"04","51  day ahead inc hosp",2021-02-22,"quantile",0.2,227.048457420873
"1157",2021-01-02,"04","51  day ahead inc hosp",2021-02-22,"quantile",0.25,280.522172363387
"1158",2021-01-02,"04","51  day ahead inc hosp",2021-02-22,"quantile",0.3,328.543221056403
"1159",2021-01-02,"04","51  day ahead inc hosp",2021-02-22,"quantile",0.35,373.041879237367
"1160",2021-01-02,"04","51  day ahead inc hosp",2021-02-22,"quantile",0.4,415.266754317831
"1161",2021-01-02,"04","51  day ahead inc hosp",2021-02-22,"quantile",0.45,456.119809622678
"1162",2021-01-02,"04","51  day ahead inc hosp",2021-02-22,"quantile",0.5,496.325155170111
"1163",2021-01-02,"04","51  day ahead inc hosp",2021-02-22,"quantile",0.55,536.530500717544
"1164",2021-01-02,"04","51  day ahead inc hosp",2021-02-22,"quantile",0.6,577.383556022391
"1165",2021-01-02,"04","51  day ahead inc hosp",2021-02-22,"quantile",0.65,619.608431102854
"1166",2021-01-02,"04","51  day ahead inc hosp",2021-02-22,"quantile",0.7,664.107089283818
"1167",2021-01-02,"04","51  day ahead inc hosp",2021-02-22,"quantile",0.75,712.128137976834
"1168",2021-01-02,"04","51  day ahead inc hosp",2021-02-22,"quantile",0.8,765.601852919348
"1169",2021-01-02,"04","51  day ahead inc hosp",2021-02-22,"quantile",0.85,827.931998518316
"1170",2021-01-02,"04","51  day ahead inc hosp",2021-02-22,"quantile",0.9,906.357554305533
"1171",2021-01-02,"04","51  day ahead inc hosp",2021-02-22,"quantile",0.95,1022.59604197513
"1172",2021-01-02,"04","51  day ahead inc hosp",2021-02-22,"quantile",0.975,1123.41559492036
"1173",2021-01-02,"04","51  day ahead inc hosp",2021-02-22,"quantile",0.99,1240.64011343026
"1174",2021-01-02,"04","52  day ahead inc hosp",2021-02-23,"quantile",0.01,0
"1175",2021-01-02,"04","52  day ahead inc hosp",2021-02-23,"quantile",0.025,0
"1176",2021-01-02,"04","52  day ahead inc hosp",2021-02-23,"quantile",0.05,0
"1177",2021-01-02,"04","52  day ahead inc hosp",2021-02-23,"quantile",0.1,76.826524573166
"1178",2021-01-02,"04","52  day ahead inc hosp",2021-02-23,"quantile",0.15,157.397600368515
"1179",2021-01-02,"04","52  day ahead inc hosp",2021-02-23,"quantile",0.2,221.432937255578
"1180",2021-01-02,"04","52  day ahead inc hosp",2021-02-23,"quantile",0.25,276.369554490166
"1181",2021-01-02,"04","52  day ahead inc hosp",2021-02-23,"quantile",0.3,325.704334654361
"1182",2021-01-02,"04","52  day ahead inc hosp",2021-02-23,"quantile",0.35,371.420360828499
"1183",2021-01-02,"04","52  day ahead inc hosp",2021-02-23,"quantile",0.4,414.80039908781
"1184",2021-01-02,"04","52  day ahead inc hosp",2021-02-23,"quantile",0.45,456.771088136787
"1185",2021-01-02,"04","52  day ahead inc hosp",2021-02-23,"quantile",0.5,498.076347767582
"1186",2021-01-02,"04","52  day ahead inc hosp",2021-02-23,"quantile",0.55,539.381607398378
"1187",2021-01-02,"04","52  day ahead inc hosp",2021-02-23,"quantile",0.6,581.352296447354
"1188",2021-01-02,"04","52  day ahead inc hosp",2021-02-23,"quantile",0.65,624.732334706665
"1189",2021-01-02,"04","52  day ahead inc hosp",2021-02-23,"quantile",0.7,670.448360880803
"1190",2021-01-02,"04","52  day ahead inc hosp",2021-02-23,"quantile",0.75,719.783141044998
"1191",2021-01-02,"04","52  day ahead inc hosp",2021-02-23,"quantile",0.8,774.719758279586
"1192",2021-01-02,"04","52  day ahead inc hosp",2021-02-23,"quantile",0.85,838.755095166649
"1193",2021-01-02,"04","52  day ahead inc hosp",2021-02-23,"quantile",0.9,919.326170961998
"1194",2021-01-02,"04","52  day ahead inc hosp",2021-02-23,"quantile",0.95,1038.74464248388
"1195",2021-01-02,"04","52  day ahead inc hosp",2021-02-23,"quantile",0.975,1142.32235717733
"1196",2021-01-02,"04","52  day ahead inc hosp",2021-02-23,"quantile",0.99,1262.75383478853
"1197",2021-01-02,"04","53  day ahead inc hosp",2021-02-24,"quantile",0.01,0
"1198",2021-01-02,"04","53  day ahead inc hosp",2021-02-24,"quantile",0.025,0
"1199",2021-01-02,"04","53  day ahead inc hosp",2021-02-24,"quantile",0.05,0
"1200",2021-01-02,"04","53  day ahead inc hosp",2021-02-24,"quantile",0.1,67.2561784569498
"1201",2021-01-02,"04","53  day ahead inc hosp",2021-02-24,"quantile",0.15,149.99268792988
"1202",2021-01-02,"04","53  day ahead inc hosp",2021-02-24,"quantile",0.2,215.749042858241
"1203",2021-01-02,"04","53  day ahead inc hosp",2021-02-24,"quantile",0.25,272.16214032991
"1204",2021-01-02,"04","53  day ahead inc hosp",2021-02-24,"quantile",0.3,322.822845379543
"1205",2021-01-02,"04","53  day ahead inc hosp",2021-02-24,"quantile",0.35,369.767538562351
"1206",2021-01-02,"04","53  day ahead inc hosp",2021-02-24,"quantile",0.4,414.313461661279
"1207",2021-01-02,"04","53  day ahead inc hosp",2021-02-24,"quantile",0.45,457.412157785261
"1208",2021-01-02,"04","53  day ahead inc hosp",2021-02-24,"quantile",0.5,499.827540365053
"1209",2021-01-02,"04","53  day ahead inc hosp",2021-02-24,"quantile",0.55,542.242922944846
"1210",2021-01-02,"04","53  day ahead inc hosp",2021-02-24,"quantile",0.6,585.341619068827
"1211",2021-01-02,"04","53  day ahead inc hosp",2021-02-24,"quantile",0.65,629.887542167756
"1212",2021-01-02,"04","53  day ahead inc hosp",2021-02-24,"quantile",0.7,676.832235350563
"1213",2021-01-02,"04","53  day ahead inc hosp",2021-02-24,"quantile",0.75,727.492940400197
"1214",2021-01-02,"04","53  day ahead inc hosp",2021-02-24,"quantile",0.8,783.906037871866
"1215",2021-01-02,"04","53  day ahead inc hosp",2021-02-24,"quantile",0.85,849.662392800226
"1216",2021-01-02,"04","53  day ahead inc hosp",2021-02-24,"quantile",0.9,932.398902273157
"1217",2021-01-02,"04","53  day ahead inc hosp",2021-02-24,"quantile",0.95,1055.02687270524
"1218",2021-01-02,"04","53  day ahead inc hosp",2021-02-24,"quantile",0.975,1161.38834905794
"1219",2021-01-02,"04","53  day ahead inc hosp",2021-02-24,"quantile",0.99,1285.05655119946
"1220",2021-01-02,"04","54  day ahead inc hosp",2021-02-25,"quantile",0.01,0
"1221",2021-01-02,"04","54  day ahead inc hosp",2021-02-25,"quantile",0.025,0
"1222",2021-01-02,"04","54  day ahead inc hosp",2021-02-25,"quantile",0.05,0
"1223",2021-01-02,"04","54  day ahead inc hosp",2021-02-25,"quantile",0.1,57.5827571874443
"1224",2021-01-02,"04","54  day ahead inc hosp",2021-02-25,"quantile",0.15,142.504415185372
"1225",2021-01-02,"04","54  day ahead inc hosp",2021-02-25,"quantile",0.2,209.997456890783
"1226",2021-01-02,"04","54  day ahead inc hosp",2021-02-25,"quantile",0.25,267.900476979639
"1227",2021-01-02,"04","54  day ahead inc hosp",2021-02-25,"quantile",0.3,319.8991785875
"1228",2021-01-02,"04","54  day ahead inc hosp",2021-02-25,"quantile",0.35,368.083724982853
"1229",2021-01-02,"04","54  day ahead inc hosp",2021-02-25,"quantile",0.4,413.806147534978
"1230",2021-01-02,"04","54  day ahead inc hosp",2021-02-25,"quantile",0.45,458.043120495445
"1231",2021-01-02,"04","54  day ahead inc hosp",2021-02-25,"quantile",0.5,501.578732962525
"1232",2021-01-02,"04","54  day ahead inc hosp",2021-02-25,"quantile",0.55,545.114345429605
"1233",2021-01-02,"04","54  day ahead inc hosp",2021-02-25,"quantile",0.6,589.351318390071
"1234",2021-01-02,"04","54  day ahead inc hosp",2021-02-25,"quantile",0.65,635.073740942196
"1235",2021-01-02,"04","54  day ahead inc hosp",2021-02-25,"quantile",0.7,683.25828733755
"1236",2021-01-02,"04","54  day ahead inc hosp",2021-02-25,"quantile",0.75,735.256988945411
"1237",2021-01-02,"04","54  day ahead inc hosp",2021-02-25,"quantile",0.8,793.160009034267
"1238",2021-01-02,"04","54  day ahead inc hosp",2021-02-25,"quantile",0.85,860.653050739677
"1239",2021-01-02,"04","54  day ahead inc hosp",2021-02-25,"quantile",0.9,945.574708737605
"1240",2021-01-02,"04","54  day ahead inc hosp",2021-02-25,"quantile",0.95,1071.44139845359
"1241",2021-01-02,"04","54  day ahead inc hosp",2021-02-25,"quantile",0.975,1180.61198078199
"1242",2021-01-02,"04","54  day ahead inc hosp",2021-02-25,"quantile",0.99,1307.54637569886
"1243",2021-01-02,"04","55  day ahead inc hosp",2021-02-26,"quantile",0.01,0
"1244",2021-01-02,"04","55  day ahead inc hosp",2021-02-26,"quantile",0.025,0
"1245",2021-01-02,"04","55  day ahead inc hosp",2021-02-26,"quantile",0.05,0
"1246",2021-01-02,"04","55  day ahead inc hosp",2021-02-26,"quantile",0.1,47.8072664263016
"1247",2021-01-02,"04","55  day ahead inc hosp",2021-02-26,"quantile",0.15,134.933595447029
"1248",2021-01-02,"04","55  day ahead inc hosp",2021-02-26,"quantile",0.2,204.178839791866
"1249",2021-01-02,"04","55  day ahead inc hosp",2021-02-26,"quantile",0.25,263.585093726269
"1250",2021-01-02,"04","55  day ahead inc hosp",2021-02-26,"quantile",0.3,316.933745786826
"1251",2021-01-02,"04","55  day ahead inc hosp",2021-02-26,"quantile",0.35,366.369222459437
"1252",2021-01-02,"04","55  day ahead inc hosp",2021-02-26,"quantile",0.4,413.278655515941
"1253",2021-01-02,"04","55  day ahead inc hosp",2021-02-26,"quantile",0.45,458.664074876555
"1254",2021-01-02,"04","55  day ahead inc hosp",2021-02-26,"quantile",0.5,503.329925559996
"1255",2021-01-02,"04","55  day ahead inc hosp",2021-02-26,"quantile",0.55,547.995776243437
"1256",2021-01-02,"04","55  day ahead inc hosp",2021-02-26,"quantile",0.6,593.381195604051
"1257",2021-01-02,"04","55  day ahead inc hosp",2021-02-26,"quantile",0.65,640.290628660555
"1258",2021-01-02,"04","55  day ahead inc hosp",2021-02-26,"quantile",0.7,689.726105333167
"1259",2021-01-02,"04","55  day ahead inc hosp",2021-02-26,"quantile",0.75,743.074757393724
"1260",2021-01-02,"04","55  day ahead inc hosp",2021-02-26,"quantile",0.8,802.481011328126
"1261",2021-01-02,"04","55  day ahead inc hosp",2021-02-26,"quantile",0.85,871.726255672964
"1262",2021-01-02,"04","55  day ahead inc hosp",2021-02-26,"quantile",0.9,958.852584693691
"1263",2021-01-02,"04","55  day ahead inc hosp",2021-02-26,"quantile",0.95,1087.98692897619
"1264",2021-01-02,"04","55  day ahead inc hosp",2021-02-26,"quantile",0.975,1199.99171432271
"1265",2021-01-02,"04","55  day ahead inc hosp",2021-02-26,"quantile",0.99,1330.2214827505
"1266",2021-01-02,"04","56  day ahead inc hosp",2021-02-27,"quantile",0.01,0
"1267",2021-01-02,"04","56  day ahead inc hosp",2021-02-27,"quantile",0.025,0
"1268",2021-01-02,"04","56  day ahead inc hosp",2021-02-27,"quantile",0.05,0
"1269",2021-01-02,"04","56  day ahead inc hosp",2021-02-27,"quantile",0.1,37.9306799248442
"1270",2021-01-02,"04","56  day ahead inc hosp",2021-02-27,"quantile",0.15,127.281016219941
"1271",2021-01-02,"04","56  day ahead inc hosp",2021-02-27,"quantile",0.2,198.293831043982
"1272",2021-01-02,"04","56  day ahead inc hosp",2021-02-27,"quantile",0.25,259.216503062082
"1273",2021-01-02,"04","56  day ahead inc hosp",2021-02-27,"quantile",0.3,313.92694542867
"1274",2021-01-02,"04","56  day ahead inc hosp",2021-02-27,"quantile",0.35,364.624323767145
"1275",2021-01-02,"04","56  day ahead inc hosp",2021-02-27,"quantile",0.4,412.731178102921
"1276",2021-01-02,"04","56  day ahead inc hosp",2021-02-27,"quantile",0.45,459.275116408873
"1277",2021-01-02,"04","56  day ahead inc hosp",2021-02-27,"quantile",0.5,505.081118157467
"1278",2021-01-02,"04","56  day ahead inc hosp",2021-02-27,"quantile",0.55,550.887119906062
"1279",2021-01-02,"04","56  day ahead inc hosp",2021-02-27,"quantile",0.6,597.431058212014
"1280",2021-01-02,"04","56  day ahead inc hosp",2021-02-27,"quantile",0.65,645.53791254779
"1281",2021-01-02,"04","56  day ahead inc hosp",2021-02-27,"quantile",0.7,696.235290886265
"1282",2021-01-02,"04","56  day ahead inc hosp",2021-02-27,"quantile",0.75,750.945733252853
"1283",2021-01-02,"04","56  day ahead inc hosp",2021-02-27,"quantile",0.8,811.868405270953
"1284",2021-01-02,"04","56  day ahead inc hosp",2021-02-27,"quantile",0.85,882.881220094994
"1285",2021-01-02,"04","56  day ahead inc hosp",2021-02-27,"quantile",0.9,972.231556390091
"1286",2021-01-02,"04","56  day ahead inc hosp",2021-02-27,"quantile",0.95,1104.66221447673
"1287",2021-01-02,"04","56  day ahead inc hosp",2021-02-27,"quantile",0.975,1219.52606045595
"1288",2021-01-02,"04","56  day ahead inc hosp",2021-02-27,"quantile",0.99,1353.08010474361
